[daemon] starting in state=wake (tick=2.0s, idle_rate=0.0, adapters=none, coalesce=60s/8 items)
Type a task and hit Enter to enqueue it (if stdin adapter is on). Ctrl-C to exit.


[state] wake → drowsy (fatigue=0.44 hour=14.7)

[state] drowsy → nrem (fatigue=0.45 hour=14.899999999999999)

[nrem] bout starts (cycle 1)
  consolidator: 80 candidate(s), 16 cluster(s), 4 eligible
    + semantic: We need to distill one durable semantic fact capturing recurring pattern across these episodic memory traces. The cluste
    + semantic: We are given a cluster of 12 episodic memory traces.
 Each trace is identical: "I am Alex Mendez, age 34, data scientist
    + semantic: We need to distill one durable semantic fact from cluster of 8 episodic traces.

The traces are:
- hobby: obscure podcas
    + semantic: We need to distill one durable semantic fact across the cluster. The cluster consists of six identical episodic traces: 
    forward_model: only 3 triples (< 40); skipping
  screen_model[mlx]: trained on 143 pairs (2x256), val=0.00114
    screen_model: saved -> screen_model

[state] nrem → wake (fatigue=0.00 hour=16.099999999999994)

[state] wake → drowsy (fatigue=0.01 hour=16.299999999999994)

[state] drowsy → nrem (fatigue=0.02 hour=16.499999999999993)

[nrem] bout starts (cycle 1)
  consolidator: 48 candidate(s), 15 cluster(s), 4 eligible
    + semantic: We are given a cluster of 7 episodic memory traces that are identical.
 Each trace: "finally finished a 12-week marathon
    + semantic: We are given a cluster of 7 episodic memory traces that are identical.
 Each trace: "missed an internal promotion last m
    + semantic: We need to distill one durable semantic fact from cluster. The cluster has multiple episodic traces about "small circle 
    + semantic: We are given a cluster of 5 episodic memory traces.
 Each trace is identical: "older sister Maria, doctor, calls weekly"
    forward_model: only 3 triples (< 40); skipping
  screen_model[mlx]: trained on 143 pairs (2x256), val=0.00114
    screen_model: saved -> screen_model

[state] nrem → wake (fatigue=0.00 hour=17.69999999999999)

[state] wake → drowsy (fatigue=0.01 hour=17.899999999999988)

[state] drowsy → nrem (fatigue=0.02 hour=18.099999999999987)

[nrem] bout starts (cycle 1)
  consolidator: 23 candidate(s), 10 cluster(s), 3 eligible
    + semantic: We need to distill a durable semantic fact from these episodic traces. They involve sending texts to someone (Sarah) abo
    + semantic: We need to distill ONE durable semantic fact capturing recurring pattern across the four episodic traces.

The traces:


    + semantic: We need to distill a durable semantic fact from cluster of 3 episodic traces.

Let's examine them:

1. "Drafting blog po
    forward_model: only 3 triples (< 40); skipping
  screen_model[mlx]: trained on 143 pairs (2x256), val=0.00114
    screen_model: saved -> screen_model

[state] nrem → wake (fatigue=0.00 hour=19.299999999999983)

[state] wake → drowsy (fatigue=0.01 hour=19.499999999999982)

[state] drowsy → nrem (fatigue=0.02 hour=19.69999999999998)

[nrem] bout starts (cycle 1)
  consolidator: 11 candidate(s), 7 cluster(s), 0 eligible
    forward_model: only 3 triples (< 40); skipping
  screen_model[mlx]: trained on 143 pairs (2x256), val=0.00114
    screen_model: saved -> screen_model

[state] nrem → wake (fatigue=0.00 hour=20.899999999999977)

[state] wake → drowsy (fatigue=0.01 hour=21.099999999999977)

[state] drowsy → nrem (fatigue=0.02 hour=21.299999999999976)

[nrem] bout starts (cycle 1)
  consolidator: 11 candidate(s), 7 cluster(s), 0 eligible
    forward_model: only 3 triples (< 40); skipping
  screen_model[mlx]: trained on 143 pairs (2x256), val=0.00114
    screen_model: saved -> screen_model

[state] nrem → wake (fatigue=0.00 hour=22.49999999999997)

[state] wake → drowsy (fatigue=0.01 hour=22.69999999999997)

[state] drowsy → nrem (fatigue=0.02 hour=22.89999999999997)

[nrem] bout starts (cycle 1)
  consolidator: 11 candidate(s), 7 cluster(s), 0 eligible
    forward_model: only 3 triples (< 40); skipping
  screen_model[mlx]: trained on 143 pairs (2x256), val=0.00114
    screen_model: saved -> screen_model

[state] nrem → wake (fatigue=0.00 hour=0.0999999999999659)

[state] wake → drowsy (fatigue=0.01 hour=0.2999999999999659)

[state] drowsy → nrem (fatigue=0.02 hour=0.4999999999999659)

[nrem] bout starts (cycle 1)
  consolidator: 11 candidate(s), 7 cluster(s), 0 eligible
    forward_model: only 3 triples (< 40); skipping
  screen_model[mlx]: trained on 143 pairs (2x256), val=0.00114
    screen_model: saved -> screen_model

[state] nrem → wake (fatigue=0.00 hour=1.6999999999999658)

[state] wake → drowsy (fatigue=0.01 hour=1.8999999999999657)

[state] drowsy → nrem (fatigue=0.02 hour=2.099999999999966)

[nrem] bout starts (cycle 1)
  consolidator: 11 candidate(s), 7 cluster(s), 0 eligible
    forward_model: only 3 triples (< 40); skipping
  screen_model[mlx]: trained on 143 pairs (2x256), val=0.00114
    screen_model: saved -> screen_model

[state] nrem → wake (fatigue=0.00 hour=3.299999999999967)

[state] wake → drowsy (fatigue=0.01 hour=3.499999999999967)

[state] drowsy → nrem (fatigue=0.02 hour=3.6999999999999673)

[nrem] bout starts (cycle 1)
  consolidator: 11 candidate(s), 7 cluster(s), 0 eligible
    forward_model: only 3 triples (< 40); skipping
  screen_model[mlx]: trained on 143 pairs (2x256), val=0.00114
    screen_model: saved -> screen_model

[state] nrem → wake (fatigue=0.00 hour=4.899999999999968)

[state] wake → drowsy (fatigue=0.01 hour=5.099999999999969)

[state] drowsy → nrem (fatigue=0.02 hour=5.299999999999969)

[nrem] bout starts (cycle 1)
  consolidator: 11 candidate(s), 7 cluster(s), 0 eligible
    forward_model: only 3 triples (< 40); skipping
  screen_model[mlx]: trained on 143 pairs (2x256), val=0.00114
    screen_model: saved -> screen_model

[state] nrem → wake (fatigue=0.00 hour=6.49999999999997)

[state] wake → drowsy (fatigue=0.01 hour=6.69999999999997)

[state] drowsy → nrem (fatigue=0.02 hour=6.89999999999997)

[nrem] bout starts (cycle 1)
  consolidator: 11 candidate(s), 7 cluster(s), 0 eligible
    forward_model: only 3 triples (< 40); skipping
  screen_model[mlx]: trained on 143 pairs (2x256), val=0.00114
    screen_model: saved -> screen_model

[state] nrem → wake (fatigue=0.00 hour=8.099999999999971)

[state] wake → drowsy (fatigue=0.01 hour=8.29999999999997)

[state] drowsy → nrem (fatigue=0.02 hour=8.49999999999997)

[nrem] bout starts (cycle 1)
  consolidator: 11 candidate(s), 7 cluster(s), 0 eligible
    forward_model: only 3 triples (< 40); skipping
  screen_model[mlx]: trained on 143 pairs (2x256), val=0.00114
    screen_model: saved -> screen_model

[state] nrem → wake (fatigue=0.00 hour=9.699999999999966)

[state] wake → drowsy (fatigue=0.01 hour=9.899999999999965)

[state] drowsy → nrem (fatigue=0.02 hour=10.099999999999964)

[nrem] bout starts (cycle 1)
  consolidator: 11 candidate(s), 7 cluster(s), 0 eligible
    forward_model: only 3 triples (< 40); skipping
  screen_model[mlx]: trained on 143 pairs (2x256), val=0.00114
    screen_model: saved -> screen_model

[state] nrem → wake (fatigue=0.00 hour=11.29999999999996)

[state] wake → drowsy (fatigue=0.01 hour=11.49999999999996)

[state] drowsy → nrem (fatigue=0.02 hour=11.699999999999958)

[nrem] bout starts (cycle 1)
  consolidator: 11 candidate(s), 7 cluster(s), 0 eligible
    forward_model: only 3 triples (< 40); skipping
  screen_model[mlx]: trained on 143 pairs (2x256), val=0.00114
    screen_model: saved -> screen_model

[state] nrem → wake (fatigue=0.00 hour=12.899999999999954)

[state] wake → drowsy (fatigue=0.01 hour=13.099999999999953)

[state] drowsy → nrem (fatigue=0.02 hour=13.299999999999953)

[nrem] bout starts (cycle 1)
  consolidator: 11 candidate(s), 7 cluster(s), 0 eligible
    forward_model: only 3 triples (< 40); skipping
  screen_model[mlx]: trained on 143 pairs (2x256), val=0.00114
    screen_model: saved -> screen_model

[state] nrem → wake (fatigue=0.00 hour=14.499999999999948)

[state] wake → drowsy (fatigue=0.01 hour=14.699999999999948)

[state] drowsy → nrem (fatigue=0.02 hour=14.899999999999947)

[nrem] bout starts (cycle 1)
  consolidator: 11 candidate(s), 7 cluster(s), 0 eligible
    forward_model: only 3 triples (< 40); skipping
  screen_model[mlx]: trained on 143 pairs (2x256), val=0.00114
    screen_model: saved -> screen_model

[state] nrem → wake (fatigue=0.00 hour=16.099999999999945)

[state] wake → drowsy (fatigue=0.01 hour=16.299999999999944)

[state] drowsy → nrem (fatigue=0.02 hour=16.499999999999943)

[nrem] bout starts (cycle 1)
  consolidator: 11 candidate(s), 7 cluster(s), 0 eligible
    forward_model: only 3 triples (< 40); skipping
  screen_model[mlx]: trained on 143 pairs (2x256), val=0.00114
    screen_model: saved -> screen_model

[state] nrem → wake (fatigue=0.00 hour=17.69999999999994)

[state] wake → drowsy (fatigue=0.01 hour=17.899999999999938)

[state] drowsy → nrem (fatigue=0.02 hour=18.099999999999937)

[nrem] bout starts (cycle 1)
  consolidator: 11 candidate(s), 7 cluster(s), 0 eligible
    forward_model: only 3 triples (< 40); skipping
  screen_model[mlx]: trained on 143 pairs (2x256), val=0.00114
    screen_model: saved -> screen_model

[state] nrem → wake (fatigue=0.00 hour=19.299999999999933)

[state] wake → drowsy (fatigue=0.01 hour=19.499999999999932)

[state] drowsy → nrem (fatigue=0.02 hour=19.699999999999932)

[nrem] bout starts (cycle 1)
  consolidator: 11 candidate(s), 7 cluster(s), 0 eligible
    forward_model: only 3 triples (< 40); skipping
  screen_model[mlx]: trained on 143 pairs (2x256), val=0.00114
    screen_model: saved -> screen_model

[state] nrem → wake (fatigue=0.00 hour=20.899999999999928)

[state] wake → drowsy (fatigue=0.01 hour=21.099999999999927)

[state] drowsy → nrem (fatigue=0.02 hour=21.299999999999926)

[nrem] bout starts (cycle 1)
  consolidator: 11 candidate(s), 7 cluster(s), 0 eligible
    forward_model: only 3 triples (< 40); skipping
  screen_model[mlx]: trained on 143 pairs (2x256), val=0.00114
    screen_model: saved -> screen_model

[state] nrem → wake (fatigue=0.00 hour=22.499999999999922)

[state] wake → drowsy (fatigue=0.01 hour=22.69999999999992)

[state] drowsy → nrem (fatigue=0.02 hour=22.89999999999992)

[nrem] bout starts (cycle 1)
  consolidator: 11 candidate(s), 7 cluster(s), 0 eligible
    forward_model: only 3 triples (< 40); skipping
  screen_model[mlx]: trained on 143 pairs (2x256), val=0.00114
    screen_model: saved -> screen_model

[state] nrem → wake (fatigue=0.00 hour=0.09999999999991616)

[state] wake → drowsy (fatigue=0.01 hour=0.29999999999991617)

[state] drowsy → nrem (fatigue=0.02 hour=0.4999999999999162)

[nrem] bout starts (cycle 1)
  consolidator: 11 candidate(s), 7 cluster(s), 0 eligible
    forward_model: only 3 triples (< 40); skipping
  screen_model[mlx]: trained on 143 pairs (2x256), val=0.00114
    screen_model: saved -> screen_model

[state] nrem → wake (fatigue=0.00 hour=1.699999999999916)

[state] wake → drowsy (fatigue=0.01 hour=1.899999999999916)

[state] drowsy → nrem (fatigue=0.02 hour=2.099999999999916)

[nrem] bout starts (cycle 1)
  consolidator: 11 candidate(s), 7 cluster(s), 0 eligible
    forward_model: only 3 triples (< 40); skipping
  screen_model[mlx]: trained on 143 pairs (2x256), val=0.00114
    screen_model: saved -> screen_model

[state] nrem → wake (fatigue=0.00 hour=3.299999999999917)

[state] wake → drowsy (fatigue=0.01 hour=3.4999999999999174)

[state] drowsy → nrem (fatigue=0.02 hour=3.6999999999999176)

[nrem] bout starts (cycle 1)
  consolidator: 11 candidate(s), 7 cluster(s), 0 eligible
    forward_model: only 3 triples (< 40); skipping
  screen_model[mlx]: trained on 143 pairs (2x256), val=0.00114
    screen_model: saved -> screen_model

[state] nrem → wake (fatigue=0.00 hour=4.899999999999919)

[state] wake → drowsy (fatigue=0.01 hour=5.099999999999919)

[state] drowsy → nrem (fatigue=0.02 hour=5.299999999999919)

[nrem] bout starts (cycle 1)
  consolidator: 11 candidate(s), 7 cluster(s), 0 eligible
    forward_model: only 3 triples (< 40); skipping
  screen_model[mlx]: trained on 143 pairs (2x256), val=0.00114
    screen_model: saved -> screen_model

[state] nrem → wake (fatigue=0.00 hour=6.49999999999992)

[state] wake → drowsy (fatigue=0.01 hour=6.69999999999992)

[state] drowsy → nrem (fatigue=0.02 hour=6.89999999999992)

[nrem] bout starts (cycle 1)
  consolidator: 11 candidate(s), 7 cluster(s), 0 eligible
    forward_model: only 3 triples (< 40); skipping
  screen_model[mlx]: trained on 143 pairs (2x256), val=0.00114
    screen_model: saved -> screen_model

[state] nrem → wake (fatigue=0.00 hour=8.099999999999921)

[state] wake → drowsy (fatigue=0.01 hour=8.29999999999992)

[state] drowsy → nrem (fatigue=0.02 hour=8.49999999999992)

[nrem] bout starts (cycle 1)
  consolidator: 11 candidate(s), 7 cluster(s), 0 eligible
    forward_model: only 3 triples (< 40); skipping
  screen_model[mlx]: trained on 143 pairs (2x256), val=0.00114
    screen_model: saved -> screen_model

[state] nrem → wake (fatigue=0.00 hour=9.699999999999916)

[state] wake → drowsy (fatigue=0.01 hour=9.899999999999915)

[state] drowsy → nrem (fatigue=0.02 hour=10.099999999999914)

[nrem] bout starts (cycle 1)
  consolidator: 11 candidate(s), 7 cluster(s), 0 eligible
    forward_model: only 3 triples (< 40); skipping
  screen_model[mlx]: trained on 143 pairs (2x256), val=0.00114
    screen_model: saved -> screen_model

[state] nrem → wake (fatigue=0.00 hour=11.29999999999991)

[state] wake → drowsy (fatigue=0.01 hour=11.49999999999991)

[state] drowsy → nrem (fatigue=0.02 hour=11.699999999999909)

[nrem] bout starts (cycle 1)
  consolidator: 11 candidate(s), 7 cluster(s), 0 eligible
    forward_model: only 3 triples (< 40); skipping
  screen_model[mlx]: trained on 143 pairs (2x256), val=0.00114
    screen_model: saved -> screen_model

[state] nrem → wake (fatigue=0.00 hour=12.899999999999904)

[state] wake → drowsy (fatigue=0.01 hour=13.099999999999904)

[state] drowsy → nrem (fatigue=0.02 hour=13.299999999999903)

[nrem] bout starts (cycle 1)
  consolidator: 11 candidate(s), 7 cluster(s), 0 eligible
    forward_model: only 3 triples (< 40); skipping
  screen_model[mlx]: trained on 143 pairs (2x256), val=0.00114
    screen_model: saved -> screen_model

[state] nrem → wake (fatigue=0.00 hour=14.499999999999899)

[state] wake → drowsy (fatigue=0.01 hour=14.699999999999898)

[state] drowsy → nrem (fatigue=0.02 hour=14.899999999999897)

[nrem] bout starts (cycle 1)
  consolidator: 11 candidate(s), 7 cluster(s), 0 eligible
    forward_model: only 3 triples (< 40); skipping
  screen_model[mlx]: trained on 143 pairs (2x256), val=0.00114
    screen_model: saved -> screen_model

[state] nrem → wake (fatigue=0.00 hour=16.099999999999895)

[state] wake → drowsy (fatigue=0.01 hour=16.299999999999894)

[state] drowsy → nrem (fatigue=0.02 hour=16.499999999999893)

[nrem] bout starts (cycle 1)
  consolidator: 11 candidate(s), 7 cluster(s), 0 eligible
    forward_model: only 3 triples (< 40); skipping
  screen_model[mlx]: trained on 143 pairs (2x256), val=0.00114
    screen_model: saved -> screen_model

[state] nrem → wake (fatigue=0.00 hour=17.69999999999989)

[state] wake → drowsy (fatigue=0.01 hour=17.89999999999989)

[state] drowsy → nrem (fatigue=0.02 hour=18.099999999999888)

[nrem] bout starts (cycle 1)
  consolidator: 11 candidate(s), 7 cluster(s), 0 eligible
    forward_model: only 3 triples (< 40); skipping
  screen_model[mlx]: trained on 143 pairs (2x256), val=0.00114
    screen_model: saved -> screen_model

[state] nrem → wake (fatigue=0.00 hour=19.299999999999883)

[state] wake → drowsy (fatigue=0.01 hour=19.499999999999883)

[state] drowsy → nrem (fatigue=0.02 hour=19.699999999999882)

[nrem] bout starts (cycle 1)
  consolidator: 11 candidate(s), 7 cluster(s), 0 eligible
    forward_model: only 3 triples (< 40); skipping
  screen_model[mlx]: trained on 143 pairs (2x256), val=0.00114
    screen_model: saved -> screen_model

[state] nrem → wake (fatigue=0.00 hour=20.899999999999878)

[state] wake → drowsy (fatigue=0.01 hour=21.099999999999877)

[state] drowsy → nrem (fatigue=0.02 hour=21.299999999999876)

[nrem] bout starts (cycle 1)
  consolidator: 11 candidate(s), 7 cluster(s), 0 eligible
    forward_model: only 3 triples (< 40); skipping
  screen_model[mlx]: trained on 143 pairs (2x256), val=0.00114
    screen_model: saved -> screen_model

[state] nrem → wake (fatigue=0.00 hour=22.499999999999872)

[state] wake → drowsy (fatigue=0.01 hour=22.69999999999987)

[state] drowsy → nrem (fatigue=0.02 hour=22.89999999999987)

[nrem] bout starts (cycle 1)
  consolidator: 11 candidate(s), 7 cluster(s), 0 eligible
    forward_model: only 3 triples (< 40); skipping
  screen_model[mlx]: trained on 143 pairs (2x256), val=0.00114
    screen_model: saved -> screen_model

[state] nrem → wake (fatigue=0.00 hour=0.09999999999986642)

[state] wake → drowsy (fatigue=0.01 hour=0.29999999999986643)

[state] drowsy → nrem (fatigue=0.02 hour=0.49999999999986644)

[nrem] bout starts (cycle 1)
  consolidator: 11 candidate(s), 7 cluster(s), 0 eligible
    forward_model: only 3 triples (< 40); skipping
  screen_model[mlx]: trained on 143 pairs (2x256), val=0.00114
    screen_model: saved -> screen_model

[state] nrem → wake (fatigue=0.00 hour=1.6999999999998663)

[state] wake → drowsy (fatigue=0.01 hour=1.8999999999998662)

[state] drowsy → nrem (fatigue=0.02 hour=2.0999999999998664)

[nrem] bout starts (cycle 1)
  consolidator: 11 candidate(s), 7 cluster(s), 0 eligible
    forward_model: only 3 triples (< 40); skipping
  screen_model[mlx]: trained on 143 pairs (2x256), val=0.00114
    screen_model: saved -> screen_model

[state] nrem → wake (fatigue=0.00 hour=3.2999999999998675)

[state] wake → drowsy (fatigue=0.01 hour=3.4999999999998677)

[state] drowsy → nrem (fatigue=0.02 hour=3.699999999999868)

[nrem] bout starts (cycle 1)
  consolidator: 11 candidate(s), 7 cluster(s), 0 eligible
    forward_model: only 3 triples (< 40); skipping
  screen_model[mlx]: trained on 143 pairs (2x256), val=0.00114
    screen_model: saved -> screen_model

[state] nrem → wake (fatigue=0.00 hour=4.899999999999869)

[state] wake → drowsy (fatigue=0.01 hour=5.099999999999869)

[state] drowsy → nrem (fatigue=0.02 hour=5.299999999999869)

[nrem] bout starts (cycle 1)
  consolidator: 11 candidate(s), 7 cluster(s), 0 eligible
    forward_model: only 3 triples (< 40); skipping
  screen_model[mlx]: trained on 143 pairs (2x256), val=0.00114
    screen_model: saved -> screen_model

[state] nrem → wake (fatigue=0.00 hour=6.49999999999987)

[state] wake → drowsy (fatigue=0.01 hour=6.6999999999998705)

[state] drowsy → nrem (fatigue=0.02 hour=6.899999999999871)

[nrem] bout starts (cycle 1)
  consolidator: 11 candidate(s), 7 cluster(s), 0 eligible
    forward_model: only 3 triples (< 40); skipping
  screen_model[mlx]: trained on 143 pairs (2x256), val=0.00114
    screen_model: saved -> screen_model

[state] nrem → wake (fatigue=0.00 hour=8.099999999999872)

[state] wake → drowsy (fatigue=0.01 hour=8.299999999999871)

[state] drowsy → nrem (fatigue=0.02 hour=8.49999999999987)

[nrem] bout starts (cycle 1)
  consolidator: 11 candidate(s), 7 cluster(s), 0 eligible
    forward_model: only 3 triples (< 40); skipping
  screen_model[mlx]: trained on 143 pairs (2x256), val=0.00114
    screen_model: saved -> screen_model

[state] nrem → wake (fatigue=0.00 hour=9.699999999999866)

[state] wake → drowsy (fatigue=0.01 hour=9.899999999999865)

[state] drowsy → nrem (fatigue=0.02 hour=10.099999999999865)

[nrem] bout starts (cycle 1)
  consolidator: 11 candidate(s), 7 cluster(s), 0 eligible
    forward_model: only 3 triples (< 40); skipping
  screen_model[mlx]: trained on 143 pairs (2x256), val=0.00114
    screen_model: saved -> screen_model

[state] nrem → wake (fatigue=0.00 hour=11.29999999999986)

[state] wake → drowsy (fatigue=0.01 hour=11.49999999999986)

[state] drowsy → nrem (fatigue=0.02 hour=11.699999999999859)

[nrem] bout starts (cycle 1)
  consolidator: 11 candidate(s), 7 cluster(s), 0 eligible
    forward_model: only 3 triples (< 40); skipping
  screen_model[mlx]: trained on 143 pairs (2x256), val=0.00114
    screen_model: saved -> screen_model

[state] nrem → wake (fatigue=0.00 hour=12.899999999999855)

[state] wake → drowsy (fatigue=0.01 hour=13.099999999999854)

[state] drowsy → nrem (fatigue=0.02 hour=13.299999999999853)

[nrem] bout starts (cycle 1)
  consolidator: 11 candidate(s), 7 cluster(s), 0 eligible
    forward_model: only 3 triples (< 40); skipping
  screen_model[mlx]: trained on 143 pairs (2x256), val=0.00114
    screen_model: saved -> screen_model

[state] nrem → wake (fatigue=0.00 hour=14.499999999999849)

[state] wake → drowsy (fatigue=0.01 hour=14.699999999999848)

[state] drowsy → nrem (fatigue=0.02 hour=14.899999999999848)

[nrem] bout starts (cycle 1)
  consolidator: 11 candidate(s), 7 cluster(s), 0 eligible
    forward_model: only 3 triples (< 40); skipping
  screen_model[mlx]: trained on 143 pairs (2x256), val=0.00114
    screen_model: saved -> screen_model

[state] nrem → wake (fatigue=0.00 hour=16.099999999999845)

[state] wake → drowsy (fatigue=0.01 hour=16.299999999999844)

[state] drowsy → nrem (fatigue=0.02 hour=16.499999999999844)

[nrem] bout starts (cycle 1)
  consolidator: 11 candidate(s), 7 cluster(s), 0 eligible
    forward_model: only 3 triples (< 40); skipping
  screen_model[mlx]: trained on 143 pairs (2x256), val=0.00114
    screen_model: saved -> screen_model

[state] nrem → wake (fatigue=0.00 hour=17.69999999999984)

[state] wake → drowsy (fatigue=0.01 hour=17.89999999999984)

[state] drowsy → nrem (fatigue=0.02 hour=18.099999999999838)

[nrem] bout starts (cycle 1)
  consolidator: 11 candidate(s), 7 cluster(s), 0 eligible
    forward_model: only 3 triples (< 40); skipping
  screen_model[mlx]: trained on 143 pairs (2x256), val=0.00114
    screen_model: saved -> screen_model

[state] nrem → wake (fatigue=0.00 hour=19.299999999999834)

[state] wake → drowsy (fatigue=0.01 hour=19.499999999999833)

[state] drowsy → nrem (fatigue=0.02 hour=19.699999999999832)

[nrem] bout starts (cycle 1)
  consolidator: 11 candidate(s), 7 cluster(s), 0 eligible
    forward_model: only 3 triples (< 40); skipping
  screen_model[mlx]: trained on 143 pairs (2x256), val=0.00114
    screen_model: saved -> screen_model

[state] nrem → wake (fatigue=0.00 hour=20.899999999999828)

[state] wake → drowsy (fatigue=0.01 hour=21.099999999999827)

[state] drowsy → nrem (fatigue=0.02 hour=21.299999999999827)

[nrem] bout starts (cycle 1)
  consolidator: 11 candidate(s), 7 cluster(s), 0 eligible
    forward_model: only 3 triples (< 40); skipping
  screen_model[mlx]: trained on 143 pairs (2x256), val=0.00114
    screen_model: saved -> screen_model

[state] nrem → wake (fatigue=0.00 hour=22.499999999999822)

[state] wake → drowsy (fatigue=0.01 hour=22.69999999999982)

[state] drowsy → nrem (fatigue=0.02 hour=22.89999999999982)

[nrem] bout starts (cycle 1)
  consolidator: 11 candidate(s), 7 cluster(s), 0 eligible
    forward_model: only 3 triples (< 40); skipping
  screen_model[mlx]: trained on 143 pairs (2x256), val=0.00114
    screen_model: saved -> screen_model

[state] nrem → wake (fatigue=0.00 hour=0.09999999999981668)

[state] wake → drowsy (fatigue=0.01 hour=0.2999999999998167)

[state] drowsy → nrem (fatigue=0.02 hour=0.4999999999998167)

[nrem] bout starts (cycle 1)
  consolidator: 11 candidate(s), 7 cluster(s), 0 eligible
    forward_model: only 3 triples (< 40); skipping
  screen_model[mlx]: trained on 143 pairs (2x256), val=0.00114
    screen_model: saved -> screen_model

[state] nrem → wake (fatigue=0.00 hour=1.6999999999998165)

[state] wake → drowsy (fatigue=0.01 hour=1.8999999999998165)

[state] drowsy → nrem (fatigue=0.02 hour=2.0999999999998167)

[nrem] bout starts (cycle 1)
  consolidator: 11 candidate(s), 7 cluster(s), 0 eligible
    forward_model: only 3 triples (< 40); skipping
  screen_model[mlx]: trained on 143 pairs (2x256), val=0.00114
    screen_model: saved -> screen_model

[state] nrem → wake (fatigue=0.00 hour=3.2999999999998177)

[state] wake → drowsy (fatigue=0.01 hour=3.499999999999818)

[state] drowsy → nrem (fatigue=0.02 hour=3.699999999999818)

[nrem] bout starts (cycle 1)
  consolidator: 11 candidate(s), 7 cluster(s), 0 eligible
    forward_model: only 3 triples (< 40); skipping
  screen_model[mlx]: trained on 143 pairs (2x256), val=0.00114
    screen_model: saved -> screen_model

[state] nrem → wake (fatigue=0.00 hour=4.899999999999819)

[state] wake → drowsy (fatigue=0.01 hour=5.099999999999819)

[state] drowsy → nrem (fatigue=0.02 hour=5.2999999999998195)

[nrem] bout starts (cycle 1)
  consolidator: 11 candidate(s), 7 cluster(s), 0 eligible
    forward_model: only 3 triples (< 40); skipping
  screen_model[mlx]: trained on 143 pairs (2x256), val=0.00114
    screen_model: saved -> screen_model

[state] nrem → wake (fatigue=0.00 hour=6.499999999999821)

[state] wake → drowsy (fatigue=0.01 hour=6.699999999999821)

[state] drowsy → nrem (fatigue=0.02 hour=6.899999999999821)

[nrem] bout starts (cycle 1)
  consolidator: 11 candidate(s), 7 cluster(s), 0 eligible
    forward_model: only 3 triples (< 40); skipping
  screen_model[mlx]: trained on 143 pairs (2x256), val=0.00114
    screen_model: saved -> screen_model

[state] nrem → wake (fatigue=0.00 hour=8.099999999999822)

[state] wake → drowsy (fatigue=0.01 hour=8.299999999999821)

[state] drowsy → nrem (fatigue=0.02 hour=8.49999999999982)

[nrem] bout starts (cycle 1)
  consolidator: 11 candidate(s), 7 cluster(s), 0 eligible
    forward_model: only 3 triples (< 40); skipping
  screen_model[mlx]: trained on 143 pairs (2x256), val=0.00114
    screen_model: saved -> screen_model

[state] nrem → wake (fatigue=0.00 hour=9.699999999999816)

[state] wake → drowsy (fatigue=0.01 hour=9.899999999999816)

[state] drowsy → nrem (fatigue=0.02 hour=10.099999999999815)

[nrem] bout starts (cycle 1)
  consolidator: 11 candidate(s), 7 cluster(s), 0 eligible
    forward_model: only 3 triples (< 40); skipping
  screen_model[mlx]: trained on 143 pairs (2x256), val=0.00114
    screen_model: saved -> screen_model

[state] nrem → wake (fatigue=0.00 hour=11.29999999999981)

[state] wake → drowsy (fatigue=0.01 hour=11.49999999999981)

[state] drowsy → nrem (fatigue=0.02 hour=11.69999999999981)

[nrem] bout starts (cycle 1)
  consolidator: 11 candidate(s), 7 cluster(s), 0 eligible
    forward_model: only 3 triples (< 40); skipping
  screen_model[mlx]: trained on 143 pairs (2x256), val=0.00114
    screen_model: saved -> screen_model

[state] nrem → wake (fatigue=0.00 hour=12.899999999999805)

[state] wake → drowsy (fatigue=0.01 hour=13.099999999999804)

[state] drowsy → nrem (fatigue=0.02 hour=13.299999999999804)

[nrem] bout starts (cycle 1)
  consolidator: 11 candidate(s), 7 cluster(s), 0 eligible
    forward_model: only 3 triples (< 40); skipping
  screen_model[mlx]: trained on 143 pairs (2x256), val=0.00114
    screen_model: saved -> screen_model

[state] nrem → wake (fatigue=0.00 hour=14.4999999999998)

[state] wake → drowsy (fatigue=0.01 hour=14.699999999999799)

[state] drowsy → nrem (fatigue=0.02 hour=14.899999999999798)

[nrem] bout starts (cycle 1)
  consolidator: 11 candidate(s), 7 cluster(s), 0 eligible
    forward_model: only 3 triples (< 40); skipping
  screen_model[mlx]: trained on 143 pairs (2x256), val=0.00114
    screen_model: saved -> screen_model

[state] nrem → wake (fatigue=0.00 hour=16.099999999999795)

[state] wake → drowsy (fatigue=0.01 hour=16.299999999999795)

[state] drowsy → nrem (fatigue=0.02 hour=16.499999999999794)

[nrem] bout starts (cycle 1)
  consolidator: 11 candidate(s), 7 cluster(s), 0 eligible
    forward_model: only 3 triples (< 40); skipping
  screen_model[mlx]: trained on 143 pairs (2x256), val=0.00114
    screen_model: saved -> screen_model

[state] nrem → wake (fatigue=0.00 hour=17.69999999999979)

[state] wake → drowsy (fatigue=0.01 hour=17.89999999999979)

[state] drowsy → nrem (fatigue=0.02 hour=18.09999999999979)

[nrem] bout starts (cycle 1)
  consolidator: 11 candidate(s), 7 cluster(s), 0 eligible
    forward_model: only 3 triples (< 40); skipping
  screen_model[mlx]: trained on 143 pairs (2x256), val=0.00114
    screen_model: saved -> screen_model

[state] nrem → wake (fatigue=0.00 hour=19.299999999999784)

[state] wake → drowsy (fatigue=0.01 hour=19.499999999999783)

[state] drowsy → nrem (fatigue=0.02 hour=19.699999999999783)

[nrem] bout starts (cycle 1)
  consolidator: 11 candidate(s), 7 cluster(s), 0 eligible
    forward_model: only 3 triples (< 40); skipping
  screen_model[mlx]: trained on 143 pairs (2x256), val=0.00114
    screen_model: saved -> screen_model

[state] nrem → wake (fatigue=0.00 hour=20.89999999999978)

[state] wake → drowsy (fatigue=0.01 hour=21.099999999999778)

[state] drowsy → nrem (fatigue=0.02 hour=21.299999999999777)

[nrem] bout starts (cycle 1)
  consolidator: 11 candidate(s), 7 cluster(s), 0 eligible
    forward_model: only 3 triples (< 40); skipping
  screen_model[mlx]: trained on 143 pairs (2x256), val=0.00114
    screen_model: saved -> screen_model

[state] nrem → wake (fatigue=0.00 hour=22.499999999999773)

[state] wake → drowsy (fatigue=0.01 hour=22.699999999999772)

[state] drowsy → nrem (fatigue=0.02 hour=22.89999999999977)

[nrem] bout starts (cycle 1)
  consolidator: 11 candidate(s), 7 cluster(s), 0 eligible
    forward_model: only 3 triples (< 40); skipping
  screen_model[mlx]: trained on 143 pairs (2x256), val=0.00114
    screen_model: saved -> screen_model

[state] nrem → wake (fatigue=0.00 hour=0.09999999999976694)

[state] wake → drowsy (fatigue=0.01 hour=0.29999999999976695)

[state] drowsy → nrem (fatigue=0.02 hour=0.49999999999976696)

[nrem] bout starts (cycle 1)
  consolidator: 11 candidate(s), 7 cluster(s), 0 eligible
    forward_model: only 3 triples (< 40); skipping
  screen_model[mlx]: trained on 143 pairs (2x256), val=0.00114
    screen_model: saved -> screen_model

[state] nrem → wake (fatigue=0.00 hour=1.6999999999997668)

[state] wake → drowsy (fatigue=0.01 hour=1.8999999999997668)

[state] drowsy → nrem (fatigue=0.02 hour=2.099999999999767)

[nrem] bout starts (cycle 1)
  consolidator: 11 candidate(s), 7 cluster(s), 0 eligible
    forward_model: only 3 triples (< 40); skipping
  screen_model[mlx]: trained on 143 pairs (2x256), val=0.00114
    screen_model: saved -> screen_model

[state] nrem → wake (fatigue=0.00 hour=3.299999999999768)

[state] wake → drowsy (fatigue=0.01 hour=3.499999999999768)

[state] drowsy → nrem (fatigue=0.02 hour=3.6999999999997684)

[nrem] bout starts (cycle 1)
  consolidator: 11 candidate(s), 7 cluster(s), 0 eligible
    forward_model: only 3 triples (< 40); skipping
  screen_model[mlx]: trained on 143 pairs (2x256), val=0.00114
    screen_model: saved -> screen_model

[state] nrem → wake (fatigue=0.00 hour=4.899999999999769)

[state] wake → drowsy (fatigue=0.01 hour=5.09999999999977)

[state] drowsy → nrem (fatigue=0.02 hour=5.29999999999977)

[nrem] bout starts (cycle 1)
  consolidator: 11 candidate(s), 7 cluster(s), 0 eligible
    forward_model: only 3 triples (< 40); skipping
  screen_model[mlx]: trained on 143 pairs (2x256), val=0.00114
    screen_model: saved -> screen_model

[state] nrem → wake (fatigue=0.00 hour=6.499999999999771)

[state] wake → drowsy (fatigue=0.01 hour=6.699999999999771)

[state] drowsy → nrem (fatigue=0.02 hour=6.899999999999771)

[nrem] bout starts (cycle 1)
  consolidator: 11 candidate(s), 7 cluster(s), 0 eligible
    forward_model: only 3 triples (< 40); skipping
  screen_model[mlx]: trained on 143 pairs (2x256), val=0.00114
    screen_model: saved -> screen_model

[state] nrem → wake (fatigue=0.00 hour=8.099999999999772)

[state] wake → drowsy (fatigue=0.01 hour=8.299999999999772)

[state] drowsy → nrem (fatigue=0.02 hour=8.49999999999977)

[nrem] bout starts (cycle 1)
  consolidator: 11 candidate(s), 7 cluster(s), 0 eligible
    forward_model: only 3 triples (< 40); skipping
  screen_model[mlx]: trained on 143 pairs (2x256), val=0.00114
    screen_model: saved -> screen_model

[state] nrem → wake (fatigue=0.00 hour=9.699999999999767)

[state] wake → drowsy (fatigue=0.01 hour=9.899999999999766)

[state] drowsy → nrem (fatigue=0.02 hour=10.099999999999765)

[nrem] bout starts (cycle 1)
  consolidator: 11 candidate(s), 7 cluster(s), 0 eligible
    forward_model: only 3 triples (< 40); skipping
  screen_model[mlx]: trained on 143 pairs (2x256), val=0.00114
    screen_model: saved -> screen_model

[state] nrem → wake (fatigue=0.00 hour=11.299999999999761)

[state] wake → drowsy (fatigue=0.01 hour=11.49999999999976)

[state] drowsy → nrem (fatigue=0.02 hour=11.69999999999976)

[nrem] bout starts (cycle 1)
  consolidator: 11 candidate(s), 7 cluster(s), 0 eligible
    forward_model: only 3 triples (< 40); skipping
  screen_model[mlx]: trained on 143 pairs (2x256), val=0.00114
    screen_model: saved -> screen_model

[state] nrem → wake (fatigue=0.00 hour=12.899999999999755)

[state] wake → drowsy (fatigue=0.01 hour=13.099999999999755)

[state] drowsy → nrem (fatigue=0.02 hour=13.299999999999754)

[nrem] bout starts (cycle 1)
  consolidator: 11 candidate(s), 7 cluster(s), 0 eligible
    forward_model: only 3 triples (< 40); skipping
  screen_model[mlx]: trained on 143 pairs (2x256), val=0.00114
    screen_model: saved -> screen_model

[state] nrem → wake (fatigue=0.00 hour=14.49999999999975)

[state] wake → drowsy (fatigue=0.01 hour=14.699999999999749)

[state] drowsy → nrem (fatigue=0.02 hour=14.899999999999748)

[nrem] bout starts (cycle 1)
  consolidator: 11 candidate(s), 7 cluster(s), 0 eligible
    forward_model: only 3 triples (< 40); skipping
  screen_model[mlx]: trained on 143 pairs (2x256), val=0.00114
    screen_model: saved -> screen_model

[state] nrem → wake (fatigue=0.00 hour=16.099999999999746)

[state] wake → drowsy (fatigue=0.01 hour=16.299999999999745)

[state] drowsy → nrem (fatigue=0.02 hour=16.499999999999744)

[nrem] bout starts (cycle 1)
  consolidator: 11 candidate(s), 7 cluster(s), 0 eligible
    forward_model: only 3 triples (< 40); skipping
  screen_model[mlx]: trained on 143 pairs (2x256), val=0.00114
    screen_model: saved -> screen_model

[state] nrem → wake (fatigue=0.00 hour=17.69999999999974)

[state] wake → drowsy (fatigue=0.01 hour=17.89999999999974)

[state] drowsy → nrem (fatigue=0.02 hour=18.09999999999974)

[nrem] bout starts (cycle 1)
  consolidator: 11 candidate(s), 7 cluster(s), 0 eligible
    forward_model: only 3 triples (< 40); skipping
  screen_model[mlx]: trained on 143 pairs (2x256), val=0.00114
    screen_model: saved -> screen_model

[state] nrem → wake (fatigue=0.00 hour=19.299999999999734)

[state] wake → drowsy (fatigue=0.01 hour=19.499999999999734)

[state] drowsy → nrem (fatigue=0.02 hour=19.699999999999733)

[nrem] bout starts (cycle 1)
  consolidator: 11 candidate(s), 7 cluster(s), 0 eligible
    forward_model: only 3 triples (< 40); skipping
  screen_model[mlx]: trained on 143 pairs (2x256), val=0.00114
    screen_model: saved -> screen_model

[state] nrem → wake (fatigue=0.00 hour=20.89999999999973)

[state] wake → drowsy (fatigue=0.01 hour=21.099999999999728)

[state] drowsy → nrem (fatigue=0.02 hour=21.299999999999727)

[nrem] bout starts (cycle 1)
  consolidator: 11 candidate(s), 7 cluster(s), 0 eligible
    forward_model: only 3 triples (< 40); skipping
  screen_model[mlx]: trained on 143 pairs (2x256), val=0.00114
    screen_model: saved -> screen_model

[state] nrem → wake (fatigue=0.00 hour=22.499999999999723)

[state] wake → drowsy (fatigue=0.01 hour=22.699999999999722)

[state] drowsy → nrem (fatigue=0.02 hour=22.89999999999972)

[nrem] bout starts (cycle 1)
  consolidator: 11 candidate(s), 7 cluster(s), 0 eligible
    forward_model: only 3 triples (< 40); skipping
  screen_model[mlx]: trained on 143 pairs (2x256), val=0.00114
    screen_model: saved -> screen_model

[state] nrem → wake (fatigue=0.00 hour=0.0999999999997172)

[state] wake → drowsy (fatigue=0.01 hour=0.2999999999997172)

[state] drowsy → nrem (fatigue=0.02 hour=0.4999999999997172)

[nrem] bout starts (cycle 1)
  consolidator: 11 candidate(s), 7 cluster(s), 0 eligible
    forward_model: only 3 triples (< 40); skipping
  screen_model[mlx]: trained on 143 pairs (2x256), val=0.00114
    screen_model: saved -> screen_model

[state] nrem → wake (fatigue=0.00 hour=1.699999999999717)

[state] wake → drowsy (fatigue=0.01 hour=1.899999999999717)

[state] drowsy → nrem (fatigue=0.02 hour=2.099999999999717)

[nrem] bout starts (cycle 1)
  consolidator: 11 candidate(s), 7 cluster(s), 0 eligible
    forward_model: only 3 triples (< 40); skipping
  screen_model[mlx]: trained on 143 pairs (2x256), val=0.00114
    screen_model: saved -> screen_model

[state] nrem → wake (fatigue=0.00 hour=3.2999999999997183)

[state] wake → drowsy (fatigue=0.01 hour=3.4999999999997184)

[state] drowsy → nrem (fatigue=0.02 hour=3.6999999999997186)

[nrem] bout starts (cycle 1)
  consolidator: 11 candidate(s), 7 cluster(s), 0 eligible
    forward_model: only 3 triples (< 40); skipping
  screen_model[mlx]: trained on 143 pairs (2x256), val=0.00114
    screen_model: saved -> screen_model

[state] nrem → wake (fatigue=0.00 hour=4.89999999999972)

[state] wake → drowsy (fatigue=0.01 hour=5.09999999999972)

[state] drowsy → nrem (fatigue=0.02 hour=5.29999999999972)

[nrem] bout starts (cycle 1)
  consolidator: 11 candidate(s), 7 cluster(s), 0 eligible
    forward_model: only 3 triples (< 40); skipping
  screen_model[mlx]: trained on 143 pairs (2x256), val=0.00114
    screen_model: saved -> screen_model

[state] nrem → wake (fatigue=0.00 hour=6.499999999999721)

[state] wake → drowsy (fatigue=0.01 hour=6.699999999999721)

[state] drowsy → nrem (fatigue=0.02 hour=6.8999999999997215)

[nrem] bout starts (cycle 1)
  consolidator: 11 candidate(s), 7 cluster(s), 0 eligible
    forward_model: only 3 triples (< 40); skipping
  screen_model[mlx]: trained on 143 pairs (2x256), val=0.00114
    screen_model: saved -> screen_model

[state] nrem → wake (fatigue=0.00 hour=8.099999999999723)

[state] wake → drowsy (fatigue=0.01 hour=8.299999999999722)

[state] drowsy → nrem (fatigue=0.02 hour=8.499999999999721)

[nrem] bout starts (cycle 1)
  consolidator: 11 candidate(s), 7 cluster(s), 0 eligible
    forward_model: only 3 triples (< 40); skipping
  screen_model[mlx]: trained on 143 pairs (2x256), val=0.00114
    screen_model: saved -> screen_model

[state] nrem → wake (fatigue=0.00 hour=9.699999999999717)

[state] wake → drowsy (fatigue=0.01 hour=9.899999999999716)

[state] drowsy → nrem (fatigue=0.02 hour=10.099999999999715)

[nrem] bout starts (cycle 1)
  consolidator: 11 candidate(s), 7 cluster(s), 0 eligible
    forward_model: only 3 triples (< 40); skipping
  screen_model[mlx]: trained on 143 pairs (2x256), val=0.00114
    screen_model: saved -> screen_model

[state] nrem → wake (fatigue=0.00 hour=11.299999999999711)

[state] wake → drowsy (fatigue=0.01 hour=11.49999999999971)

[state] drowsy → nrem (fatigue=0.02 hour=11.69999999999971)

[nrem] bout starts (cycle 1)
  consolidator: 11 candidate(s), 7 cluster(s), 0 eligible
    forward_model: only 3 triples (< 40); skipping
  screen_model[mlx]: trained on 143 pairs (2x256), val=0.00114
    screen_model: saved -> screen_model

[state] nrem → wake (fatigue=0.00 hour=12.899999999999705)

[state] wake → drowsy (fatigue=0.01 hour=13.099999999999705)

[state] drowsy → nrem (fatigue=0.02 hour=13.299999999999704)

[nrem] bout starts (cycle 1)
  consolidator: 11 candidate(s), 7 cluster(s), 0 eligible
    forward_model: only 3 triples (< 40); skipping
  screen_model[mlx]: trained on 143 pairs (2x256), val=0.00114
    screen_model: saved -> screen_model

[state] nrem → wake (fatigue=0.00 hour=14.4999999999997)

[state] wake → drowsy (fatigue=0.01 hour=14.699999999999699)

[state] drowsy → nrem (fatigue=0.02 hour=14.899999999999698)

[nrem] bout starts (cycle 1)
  consolidator: 11 candidate(s), 7 cluster(s), 0 eligible
    forward_model: only 3 triples (< 40); skipping
  screen_model[mlx]: trained on 143 pairs (2x256), val=0.00114
    screen_model: saved -> screen_model

[state] nrem → wake (fatigue=0.00 hour=16.099999999999696)

[state] wake → drowsy (fatigue=0.01 hour=16.299999999999695)

[state] drowsy → nrem (fatigue=0.02 hour=16.499999999999694)

[nrem] bout starts (cycle 1)
  consolidator: 11 candidate(s), 7 cluster(s), 0 eligible
    forward_model: only 3 triples (< 40); skipping
  screen_model[mlx]: trained on 143 pairs (2x256), val=0.00114
    screen_model: saved -> screen_model

[state] nrem → wake (fatigue=0.00 hour=17.69999999999969)

[state] wake → drowsy (fatigue=0.01 hour=17.89999999999969)

[state] drowsy → nrem (fatigue=0.02 hour=18.09999999999969)

[nrem] bout starts (cycle 1)
  consolidator: 11 candidate(s), 7 cluster(s), 0 eligible
    forward_model: only 3 triples (< 40); skipping
  screen_model[mlx]: trained on 143 pairs (2x256), val=0.00114
    screen_model: saved -> screen_model

[state] nrem → wake (fatigue=0.00 hour=19.299999999999685)

[state] wake → drowsy (fatigue=0.01 hour=19.499999999999684)

[state] drowsy → nrem (fatigue=0.02 hour=19.699999999999683)

[nrem] bout starts (cycle 1)
  consolidator: 11 candidate(s), 7 cluster(s), 0 eligible
    forward_model: only 3 triples (< 40); skipping
  screen_model[mlx]: trained on 143 pairs (2x256), val=0.00114
    screen_model: saved -> screen_model

[state] nrem → wake (fatigue=0.00 hour=20.89999999999968)

[state] wake → drowsy (fatigue=0.01 hour=21.099999999999678)

[state] drowsy → nrem (fatigue=0.02 hour=21.299999999999677)

[nrem] bout starts (cycle 1)
  consolidator: 11 candidate(s), 7 cluster(s), 0 eligible
    forward_model: only 3 triples (< 40); skipping
  screen_model[mlx]: trained on 143 pairs (2x256), val=0.00114
    screen_model: saved -> screen_model

[state] nrem → wake (fatigue=0.00 hour=22.499999999999673)

[state] wake → drowsy (fatigue=0.01 hour=22.699999999999672)

[state] drowsy → nrem (fatigue=0.02 hour=22.89999999999967)

[nrem] bout starts (cycle 1)
  consolidator: 11 candidate(s), 7 cluster(s), 0 eligible
    forward_model: only 3 triples (< 40); skipping
  screen_model[mlx]: trained on 143 pairs (2x256), val=0.00114
    screen_model: saved -> screen_model

[state] nrem → wake (fatigue=0.00 hour=0.09999999999966747)

[state] wake → drowsy (fatigue=0.01 hour=0.2999999999996675)

[state] drowsy → nrem (fatigue=0.02 hour=0.4999999999996675)

[nrem] bout starts (cycle 1)
  consolidator: 11 candidate(s), 7 cluster(s), 0 eligible
    forward_model: only 3 triples (< 40); skipping
  screen_model[mlx]: trained on 143 pairs (2x256), val=0.00114
    screen_model: saved -> screen_model

[state] nrem → wake (fatigue=0.00 hour=1.6999999999996673)

[state] wake → drowsy (fatigue=0.01 hour=1.8999999999996673)

[state] drowsy → nrem (fatigue=0.02 hour=2.0999999999996675)

[nrem] bout starts (cycle 1)
  consolidator: 11 candidate(s), 7 cluster(s), 0 eligible
    forward_model: only 3 triples (< 40); skipping
  screen_model[mlx]: trained on 143 pairs (2x256), val=0.00114
    screen_model: saved -> screen_model

[state] nrem → wake (fatigue=0.00 hour=3.2999999999996685)

[state] wake → drowsy (fatigue=0.01 hour=3.4999999999996687)

[state] drowsy → nrem (fatigue=0.02 hour=3.699999999999669)

[nrem] bout starts (cycle 1)
  consolidator: 11 candidate(s), 7 cluster(s), 0 eligible
    forward_model: only 3 triples (< 40); skipping
  screen_model[mlx]: trained on 143 pairs (2x256), val=0.00114
    screen_model: saved -> screen_model

[state] nrem → wake (fatigue=0.00 hour=4.89999999999967)

[state] wake → drowsy (fatigue=0.01 hour=5.09999999999967)

[state] drowsy → nrem (fatigue=0.02 hour=5.29999999999967)

[nrem] bout starts (cycle 1)
  consolidator: 11 candidate(s), 7 cluster(s), 0 eligible
    forward_model: only 3 triples (< 40); skipping
  screen_model[mlx]: trained on 143 pairs (2x256), val=0.00114
    screen_model: saved -> screen_model

[state] nrem → wake (fatigue=0.00 hour=6.499999999999671)

[state] wake → drowsy (fatigue=0.01 hour=6.6999999999996716)

[state] drowsy → nrem (fatigue=0.02 hour=6.899999999999672)

[nrem] bout starts (cycle 1)
  consolidator: 11 candidate(s), 7 cluster(s), 0 eligible
    forward_model: only 3 triples (< 40); skipping
  screen_model[mlx]: trained on 143 pairs (2x256), val=0.00114
    screen_model: saved -> screen_model

[state] nrem → wake (fatigue=0.00 hour=8.099999999999673)

[state] wake → drowsy (fatigue=0.01 hour=8.299999999999672)

[state] drowsy → nrem (fatigue=0.02 hour=8.499999999999671)

[nrem] bout starts (cycle 1)
  consolidator: 11 candidate(s), 7 cluster(s), 0 eligible
    forward_model: only 3 triples (< 40); skipping
  screen_model[mlx]: trained on 143 pairs (2x256), val=0.00114
    screen_model: saved -> screen_model

[state] nrem → wake (fatigue=0.00 hour=9.699999999999667)

[state] wake → drowsy (fatigue=0.01 hour=9.899999999999666)

[state] drowsy → nrem (fatigue=0.02 hour=10.099999999999666)

[nrem] bout starts (cycle 1)
  consolidator: 11 candidate(s), 7 cluster(s), 0 eligible
    forward_model: only 3 triples (< 40); skipping
  screen_model[mlx]: trained on 143 pairs (2x256), val=0.00114
    screen_model: saved -> screen_model

[state] nrem → wake (fatigue=0.00 hour=11.299999999999661)

[state] wake → drowsy (fatigue=0.01 hour=11.49999999999966)

[state] drowsy → nrem (fatigue=0.02 hour=11.69999999999966)

[nrem] bout starts (cycle 1)
  consolidator: 11 candidate(s), 7 cluster(s), 0 eligible
    forward_model: only 3 triples (< 40); skipping
  screen_model[mlx]: trained on 143 pairs (2x256), val=0.00114
    screen_model: saved -> screen_model

[state] nrem → wake (fatigue=0.00 hour=12.899999999999656)

[state] wake → drowsy (fatigue=0.01 hour=13.099999999999655)

[state] drowsy → nrem (fatigue=0.02 hour=13.299999999999654)

[nrem] bout starts (cycle 1)
  consolidator: 11 candidate(s), 7 cluster(s), 0 eligible
    forward_model: only 3 triples (< 40); skipping
  screen_model[mlx]: trained on 143 pairs (2x256), val=0.00114
    screen_model: saved -> screen_model

[state] nrem → wake (fatigue=0.00 hour=14.49999999999965)

[state] wake → drowsy (fatigue=0.01 hour=14.69999999999965)

[state] drowsy → nrem (fatigue=0.02 hour=14.899999999999649)

[nrem] bout starts (cycle 1)
  consolidator: 11 candidate(s), 7 cluster(s), 0 eligible
    forward_model: only 3 triples (< 40); skipping
  screen_model[mlx]: trained on 143 pairs (2x256), val=0.00114
    screen_model: saved -> screen_model

[state] nrem → wake (fatigue=0.00 hour=16.099999999999646)

[state] wake → drowsy (fatigue=0.01 hour=16.299999999999645)

[state] drowsy → nrem (fatigue=0.02 hour=16.499999999999645)

[nrem] bout starts (cycle 1)
  consolidator: 11 candidate(s), 7 cluster(s), 0 eligible
    forward_model: only 3 triples (< 40); skipping
  screen_model[mlx]: trained on 143 pairs (2x256), val=0.00114
    screen_model: saved -> screen_model

[state] nrem → wake (fatigue=0.00 hour=17.69999999999964)

[state] wake → drowsy (fatigue=0.01 hour=17.89999999999964)

[state] drowsy → nrem (fatigue=0.02 hour=18.09999999999964)

[nrem] bout starts (cycle 1)
  consolidator: 11 candidate(s), 7 cluster(s), 0 eligible
    forward_model: only 3 triples (< 40); skipping
  screen_model[mlx]: trained on 143 pairs (2x256), val=0.00114
    screen_model: saved -> screen_model

[state] nrem → wake (fatigue=0.00 hour=19.299999999999635)

[state] wake → drowsy (fatigue=0.01 hour=19.499999999999634)

[state] drowsy → nrem (fatigue=0.02 hour=19.699999999999633)

[nrem] bout starts (cycle 1)
  consolidator: 11 candidate(s), 7 cluster(s), 0 eligible
    forward_model: only 3 triples (< 40); skipping
  screen_model[mlx]: trained on 143 pairs (2x256), val=0.00114
    screen_model: saved -> screen_model

[state] nrem → wake (fatigue=0.00 hour=20.89999999999963)

[state] wake → drowsy (fatigue=0.01 hour=21.09999999999963)

[state] drowsy → nrem (fatigue=0.02 hour=21.299999999999628)

[nrem] bout starts (cycle 1)
  consolidator: 11 candidate(s), 7 cluster(s), 0 eligible
    forward_model: only 3 triples (< 40); skipping
  screen_model[mlx]: trained on 143 pairs (2x256), val=0.00114
    screen_model: saved -> screen_model

[state] nrem → wake (fatigue=0.00 hour=22.499999999999623)

[state] wake → drowsy (fatigue=0.01 hour=22.699999999999623)

[state] drowsy → nrem (fatigue=0.02 hour=22.899999999999622)

[nrem] bout starts (cycle 1)
  consolidator: 11 candidate(s), 7 cluster(s), 0 eligible
    forward_model: only 3 triples (< 40); skipping
  screen_model[mlx]: trained on 143 pairs (2x256), val=0.00114
    screen_model: saved -> screen_model

[state] nrem → wake (fatigue=0.00 hour=0.09999999999961773)

[state] wake → drowsy (fatigue=0.01 hour=0.29999999999961774)

[state] drowsy → nrem (fatigue=0.02 hour=0.49999999999961775)

[nrem] bout starts (cycle 1)
  consolidator: 11 candidate(s), 7 cluster(s), 0 eligible
    forward_model: only 3 triples (< 40); skipping
  screen_model[mlx]: trained on 143 pairs (2x256), val=0.00114
    screen_model: saved -> screen_model

[state] nrem → wake (fatigue=0.00 hour=1.6999999999996176)

[state] wake → drowsy (fatigue=0.01 hour=1.8999999999996176)

[state] drowsy → nrem (fatigue=0.02 hour=2.0999999999996177)

[nrem] bout starts (cycle 1)
  consolidator: 11 candidate(s), 7 cluster(s), 0 eligible
    forward_model: only 3 triples (< 40); skipping
  screen_model[mlx]: trained on 143 pairs (2x256), val=0.00114
    screen_model: saved -> screen_model

[state] nrem → wake (fatigue=0.00 hour=3.299999999999619)

[state] wake → drowsy (fatigue=0.01 hour=3.499999999999619)

[state] drowsy → nrem (fatigue=0.02 hour=3.699999999999619)

[nrem] bout starts (cycle 1)
  consolidator: 11 candidate(s), 7 cluster(s), 0 eligible
    forward_model: only 3 triples (< 40); skipping
  screen_model[mlx]: trained on 143 pairs (2x256), val=0.00114
    screen_model: saved -> screen_model

[state] nrem → wake (fatigue=0.00 hour=4.89999999999962)

[state] wake → drowsy (fatigue=0.01 hour=5.09999999999962)

[state] drowsy → nrem (fatigue=0.02 hour=5.299999999999621)

[nrem] bout starts (cycle 1)
  consolidator: 11 candidate(s), 7 cluster(s), 0 eligible
    forward_model: only 3 triples (< 40); skipping
  screen_model[mlx]: trained on 143 pairs (2x256), val=0.00114
    screen_model: saved -> screen_model

[state] nrem → wake (fatigue=0.00 hour=6.499999999999622)

[state] wake → drowsy (fatigue=0.01 hour=6.699999999999622)

[state] drowsy → nrem (fatigue=0.02 hour=6.899999999999622)

[nrem] bout starts (cycle 1)
  consolidator: 11 candidate(s), 7 cluster(s), 0 eligible
    forward_model: only 3 triples (< 40); skipping
  screen_model[mlx]: trained on 143 pairs (2x256), val=0.00114
    screen_model: saved -> screen_model

[state] nrem → wake (fatigue=0.00 hour=8.099999999999623)

[state] wake → drowsy (fatigue=0.01 hour=8.299999999999622)

[state] drowsy → nrem (fatigue=0.02 hour=8.499999999999622)

[nrem] bout starts (cycle 1)
  consolidator: 11 candidate(s), 7 cluster(s), 0 eligible
    forward_model: only 3 triples (< 40); skipping
  screen_model[mlx]: trained on 143 pairs (2x256), val=0.00114
    screen_model: saved -> screen_model

[state] nrem → wake (fatigue=0.00 hour=9.699999999999617)

[state] wake → drowsy (fatigue=0.01 hour=9.899999999999617)

[state] drowsy → nrem (fatigue=0.02 hour=10.099999999999616)

[nrem] bout starts (cycle 1)
  consolidator: 11 candidate(s), 7 cluster(s), 0 eligible
    forward_model: only 3 triples (< 40); skipping
  screen_model[mlx]: trained on 143 pairs (2x256), val=0.00114
    screen_model: saved -> screen_model

[state] nrem → wake (fatigue=0.00 hour=11.299999999999612)

[state] wake → drowsy (fatigue=0.01 hour=11.499999999999611)

[state] drowsy → nrem (fatigue=0.02 hour=11.69999999999961)

[nrem] bout starts (cycle 1)
  consolidator: 11 candidate(s), 7 cluster(s), 0 eligible
    forward_model: only 3 triples (< 40); skipping
  screen_model[mlx]: trained on 143 pairs (2x256), val=0.00114
    screen_model: saved -> screen_model

[state] nrem → wake (fatigue=0.00 hour=12.899999999999606)

[state] wake → drowsy (fatigue=0.01 hour=13.099999999999605)

[state] drowsy → nrem (fatigue=0.02 hour=13.299999999999605)

[nrem] bout starts (cycle 1)
  consolidator: 11 candidate(s), 7 cluster(s), 0 eligible
    forward_model: only 3 triples (< 40); skipping
  screen_model[mlx]: trained on 143 pairs (2x256), val=0.00114
    screen_model: saved -> screen_model

[state] nrem → wake (fatigue=0.00 hour=14.4999999999996)

[state] wake → drowsy (fatigue=0.01 hour=14.6999999999996)

[state] drowsy → nrem (fatigue=0.02 hour=14.899999999999599)

[nrem] bout starts (cycle 1)
  consolidator: 11 candidate(s), 7 cluster(s), 0 eligible
    forward_model: only 3 triples (< 40); skipping
  screen_model[mlx]: trained on 143 pairs (2x256), val=0.00114
    screen_model: saved -> screen_model

[state] nrem → wake (fatigue=0.00 hour=16.099999999999596)

[state] wake → drowsy (fatigue=0.01 hour=16.299999999999596)

[state] drowsy → nrem (fatigue=0.02 hour=16.499999999999595)

[nrem] bout starts (cycle 1)
  consolidator: 11 candidate(s), 7 cluster(s), 0 eligible
    forward_model: only 3 triples (< 40); skipping
  screen_model[mlx]: trained on 143 pairs (2x256), val=0.00114
    screen_model: saved -> screen_model

[state] nrem → wake (fatigue=0.00 hour=17.69999999999959)

[state] wake → drowsy (fatigue=0.01 hour=17.89999999999959)

[state] drowsy → nrem (fatigue=0.02 hour=18.09999999999959)

[nrem] bout starts (cycle 1)
  consolidator: 11 candidate(s), 7 cluster(s), 0 eligible
    forward_model: only 3 triples (< 40); skipping
  screen_model[mlx]: trained on 143 pairs (2x256), val=0.00114
    screen_model: saved -> screen_model

[state] nrem → wake (fatigue=0.00 hour=19.299999999999585)

[state] wake → drowsy (fatigue=0.01 hour=19.499999999999584)

[state] drowsy → nrem (fatigue=0.02 hour=19.699999999999584)

[nrem] bout starts (cycle 1)
  consolidator: 11 candidate(s), 7 cluster(s), 0 eligible
    forward_model: only 3 triples (< 40); skipping
  screen_model[mlx]: trained on 143 pairs (2x256), val=0.00114
    screen_model: saved -> screen_model

[state] nrem → wake (fatigue=0.00 hour=20.89999999999958)

[state] wake → drowsy (fatigue=0.01 hour=21.09999999999958)

[state] drowsy → nrem (fatigue=0.02 hour=21.299999999999578)

[nrem] bout starts (cycle 1)
  consolidator: 11 candidate(s), 7 cluster(s), 0 eligible
    forward_model: only 3 triples (< 40); skipping
  screen_model[mlx]: trained on 143 pairs (2x256), val=0.00114
    screen_model: saved -> screen_model

[state] nrem → wake (fatigue=0.00 hour=22.499999999999574)

[state] wake → drowsy (fatigue=0.01 hour=22.699999999999573)

[state] drowsy → nrem (fatigue=0.02 hour=22.899999999999572)

[nrem] bout starts (cycle 1)
  consolidator: 11 candidate(s), 7 cluster(s), 0 eligible
    forward_model: only 3 triples (< 40); skipping
  screen_model[mlx]: trained on 143 pairs (2x256), val=0.00114
    screen_model: saved -> screen_model

[state] nrem → wake (fatigue=0.00 hour=0.09999999999956799)

[state] wake → drowsy (fatigue=0.01 hour=0.299999999999568)

[state] drowsy → nrem (fatigue=0.02 hour=0.499999999999568)

[nrem] bout starts (cycle 1)
  consolidator: 11 candidate(s), 7 cluster(s), 0 eligible
    forward_model: only 3 triples (< 40); skipping
  screen_model[mlx]: trained on 143 pairs (2x256), val=0.00114
    screen_model: saved -> screen_model

[state] nrem → wake (fatigue=0.00 hour=1.6999999999995679)

[state] wake → drowsy (fatigue=0.01 hour=1.8999999999995678)

[state] drowsy → nrem (fatigue=0.02 hour=2.099999999999568)

[nrem] bout starts (cycle 1)
  consolidator: 11 candidate(s), 7 cluster(s), 0 eligible
    forward_model: only 3 triples (< 40); skipping
  screen_model[mlx]: trained on 143 pairs (2x256), val=0.00114
    screen_model: saved -> screen_model

[state] nrem → wake (fatigue=0.00 hour=3.299999999999569)

[state] wake → drowsy (fatigue=0.01 hour=3.4999999999995692)

[state] drowsy → nrem (fatigue=0.02 hour=3.6999999999995694)

[nrem] bout starts (cycle 1)
  consolidator: 11 candidate(s), 7 cluster(s), 0 eligible
    forward_model: only 3 triples (< 40); skipping
  screen_model[mlx]: trained on 143 pairs (2x256), val=0.00114
    screen_model: saved -> screen_model

[state] nrem → wake (fatigue=0.00 hour=4.8999999999995705)

[state] wake → drowsy (fatigue=0.01 hour=5.099999999999571)

[state] drowsy → nrem (fatigue=0.02 hour=5.299999999999571)

[nrem] bout starts (cycle 1)
  consolidator: 11 candidate(s), 7 cluster(s), 0 eligible
    forward_model: only 3 triples (< 40); skipping
  screen_model[mlx]: trained on 143 pairs (2x256), val=0.00114
    screen_model: saved -> screen_model

[state] nrem → wake (fatigue=0.00 hour=6.499999999999572)

[state] wake → drowsy (fatigue=0.01 hour=6.699999999999572)

[state] drowsy → nrem (fatigue=0.02 hour=6.899999999999572)

[nrem] bout starts (cycle 1)
  consolidator: 11 candidate(s), 7 cluster(s), 0 eligible
    forward_model: only 3 triples (< 40); skipping
  screen_model[mlx]: trained on 143 pairs (2x256), val=0.00114
    screen_model: saved -> screen_model

[state] nrem → wake (fatigue=0.00 hour=8.099999999999573)

[state] wake → drowsy (fatigue=0.01 hour=8.299999999999573)

[state] drowsy → nrem (fatigue=0.02 hour=8.499999999999572)

[nrem] bout starts (cycle 1)
  consolidator: 11 candidate(s), 7 cluster(s), 0 eligible
    forward_model: only 3 triples (< 40); skipping
  screen_model[mlx]: trained on 143 pairs (2x256), val=0.00114
    screen_model: saved -> screen_model

[state] nrem → wake (fatigue=0.00 hour=9.699999999999568)

[state] wake → drowsy (fatigue=0.01 hour=9.899999999999567)

[state] drowsy → nrem (fatigue=0.02 hour=10.099999999999566)

[nrem] bout starts (cycle 1)
  consolidator: 11 candidate(s), 7 cluster(s), 0 eligible
    forward_model: only 3 triples (< 40); skipping
  screen_model[mlx]: trained on 143 pairs (2x256), val=0.00114
    screen_model: saved -> screen_model

[state] nrem → wake (fatigue=0.00 hour=11.299999999999562)

[state] wake → drowsy (fatigue=0.01 hour=11.499999999999561)

[state] drowsy → nrem (fatigue=0.02 hour=11.69999999999956)

[nrem] bout starts (cycle 1)
  consolidator: 11 candidate(s), 7 cluster(s), 0 eligible
    forward_model: only 3 triples (< 40); skipping
  screen_model[mlx]: trained on 143 pairs (2x256), val=0.00114
    screen_model: saved -> screen_model

[state] nrem → wake (fatigue=0.00 hour=12.899999999999556)

[state] wake → drowsy (fatigue=0.01 hour=13.099999999999556)

[state] drowsy → nrem (fatigue=0.02 hour=13.299999999999555)

[nrem] bout starts (cycle 1)
  consolidator: 11 candidate(s), 7 cluster(s), 0 eligible
    forward_model: only 3 triples (< 40); skipping
  screen_model[mlx]: trained on 143 pairs (2x256), val=0.00114
    screen_model: saved -> screen_model

[state] nrem → wake (fatigue=0.00 hour=14.49999999999955)

[state] wake → drowsy (fatigue=0.01 hour=14.69999999999955)

[state] drowsy → nrem (fatigue=0.02 hour=14.89999999999955)

[nrem] bout starts (cycle 1)
  consolidator: 11 candidate(s), 7 cluster(s), 0 eligible
    forward_model: only 3 triples (< 40); skipping
  screen_model[mlx]: trained on 143 pairs (2x256), val=0.00114
    screen_model: saved -> screen_model

[state] nrem → wake (fatigue=0.00 hour=16.099999999999547)

[state] wake → drowsy (fatigue=0.01 hour=16.299999999999546)

[state] drowsy → nrem (fatigue=0.02 hour=16.499999999999545)

[nrem] bout starts (cycle 1)
  consolidator: 11 candidate(s), 7 cluster(s), 0 eligible
    forward_model: only 3 triples (< 40); skipping
  screen_model[mlx]: trained on 143 pairs (2x256), val=0.00114
    screen_model: saved -> screen_model

[state] nrem → wake (fatigue=0.00 hour=17.69999999999954)

[state] wake → drowsy (fatigue=0.01 hour=17.89999999999954)

[state] drowsy → nrem (fatigue=0.02 hour=18.09999999999954)

[nrem] bout starts (cycle 1)
  consolidator: 11 candidate(s), 7 cluster(s), 0 eligible
    forward_model: only 3 triples (< 40); skipping
  screen_model[mlx]: trained on 143 pairs (2x256), val=0.00114
    screen_model: saved -> screen_model

[state] nrem → wake (fatigue=0.00 hour=19.299999999999535)

[state] wake → drowsy (fatigue=0.01 hour=19.499999999999535)

[state] drowsy → nrem (fatigue=0.02 hour=19.699999999999534)

[nrem] bout starts (cycle 1)
  consolidator: 11 candidate(s), 7 cluster(s), 0 eligible
    forward_model: only 3 triples (< 40); skipping
  screen_model[mlx]: trained on 143 pairs (2x256), val=0.00114
    screen_model: saved -> screen_model

[state] nrem → wake (fatigue=0.00 hour=20.89999999999953)

[state] wake → drowsy (fatigue=0.01 hour=21.09999999999953)

[state] drowsy → nrem (fatigue=0.02 hour=21.299999999999528)

[nrem] bout starts (cycle 1)
  consolidator: 11 candidate(s), 7 cluster(s), 0 eligible
    forward_model: only 3 triples (< 40); skipping
  screen_model[mlx]: trained on 143 pairs (2x256), val=0.00114
    screen_model: saved -> screen_model

[state] nrem → wake (fatigue=0.00 hour=22.499999999999524)

[state] wake → drowsy (fatigue=0.01 hour=22.699999999999523)

[state] drowsy → nrem (fatigue=0.02 hour=22.899999999999523)

[nrem] bout starts (cycle 1)
  consolidator: 11 candidate(s), 7 cluster(s), 0 eligible
    forward_model: only 3 triples (< 40); skipping
  screen_model[mlx]: trained on 143 pairs (2x256), val=0.00114
    screen_model: saved -> screen_model

[state] nrem → wake (fatigue=0.00 hour=0.09999999999951825)

[state] wake → drowsy (fatigue=0.01 hour=0.29999999999951826)

[state] drowsy → nrem (fatigue=0.02 hour=0.4999999999995183)

[nrem] bout starts (cycle 1)
  consolidator: 11 candidate(s), 7 cluster(s), 0 eligible
    forward_model: only 3 triples (< 40); skipping
  screen_model[mlx]: trained on 143 pairs (2x256), val=0.00114
    screen_model: saved -> screen_model

[state] nrem → wake (fatigue=0.00 hour=1.6999999999995181)

[state] wake → drowsy (fatigue=0.01 hour=1.899999999999518)

[state] drowsy → nrem (fatigue=0.02 hour=2.0999999999995183)

[nrem] bout starts (cycle 1)
  consolidator: 11 candidate(s), 7 cluster(s), 0 eligible
    forward_model: only 3 triples (< 40); skipping
  screen_model[mlx]: trained on 143 pairs (2x256), val=0.00114
    screen_model: saved -> screen_model

[state] nrem → wake (fatigue=0.00 hour=3.2999999999995193)

[state] wake → drowsy (fatigue=0.01 hour=3.4999999999995195)

[state] drowsy → nrem (fatigue=0.02 hour=3.6999999999995197)

[nrem] bout starts (cycle 1)
  consolidator: 11 candidate(s), 7 cluster(s), 0 eligible
    forward_model: only 3 triples (< 40); skipping
  screen_model[mlx]: trained on 143 pairs (2x256), val=0.00114
    screen_model: saved -> screen_model

[state] nrem → wake (fatigue=0.00 hour=4.899999999999521)

[state] wake → drowsy (fatigue=0.01 hour=5.099999999999521)

[state] drowsy → nrem (fatigue=0.02 hour=5.299999999999521)

[nrem] bout starts (cycle 1)
  consolidator: 11 candidate(s), 7 cluster(s), 0 eligible
    forward_model: only 3 triples (< 40); skipping
  screen_model[mlx]: trained on 143 pairs (2x256), val=0.00114
    screen_model: saved -> screen_model

[state] nrem → wake (fatigue=0.00 hour=6.499999999999522)

[state] wake → drowsy (fatigue=0.01 hour=6.699999999999522)

[state] drowsy → nrem (fatigue=0.02 hour=6.8999999999995225)

[nrem] bout starts (cycle 1)
  consolidator: 11 candidate(s), 7 cluster(s), 0 eligible
    forward_model: only 3 triples (< 40); skipping
  screen_model[mlx]: trained on 143 pairs (2x256), val=0.00114
    screen_model: saved -> screen_model

[state] nrem → wake (fatigue=0.00 hour=8.099999999999524)

[state] wake → drowsy (fatigue=0.01 hour=8.299999999999523)

[state] drowsy → nrem (fatigue=0.02 hour=8.499999999999522)

[nrem] bout starts (cycle 1)
  consolidator: 11 candidate(s), 7 cluster(s), 0 eligible
    forward_model: only 3 triples (< 40); skipping
  screen_model[mlx]: trained on 143 pairs (2x256), val=0.00114
    screen_model: saved -> screen_model

[state] nrem → wake (fatigue=0.00 hour=9.699999999999518)

[state] wake → drowsy (fatigue=0.01 hour=9.899999999999517)

[state] drowsy → nrem (fatigue=0.02 hour=10.099999999999516)

[nrem] bout starts (cycle 1)
  consolidator: 11 candidate(s), 7 cluster(s), 0 eligible
    forward_model: only 3 triples (< 40); skipping
  screen_model[mlx]: trained on 143 pairs (2x256), val=0.00114
    screen_model: saved -> screen_model

[state] nrem → wake (fatigue=0.00 hour=11.299999999999512)

[state] wake → drowsy (fatigue=0.01 hour=11.499999999999512)

[state] drowsy → nrem (fatigue=0.02 hour=11.69999999999951)

[nrem] bout starts (cycle 1)
  consolidator: 11 candidate(s), 7 cluster(s), 0 eligible
    forward_model: only 3 triples (< 40); skipping
  screen_model[mlx]: trained on 143 pairs (2x256), val=0.00114
    screen_model: saved -> screen_model

[state] nrem → wake (fatigue=0.00 hour=12.899999999999507)

[state] wake → drowsy (fatigue=0.01 hour=13.099999999999506)

[state] drowsy → nrem (fatigue=0.02 hour=13.299999999999505)

[nrem] bout starts (cycle 1)
  consolidator: 11 candidate(s), 7 cluster(s), 0 eligible
    forward_model: only 3 triples (< 40); skipping
  screen_model[mlx]: trained on 143 pairs (2x256), val=0.00114
    screen_model: saved -> screen_model

[state] nrem → wake (fatigue=0.00 hour=14.4999999999995)

[state] wake → drowsy (fatigue=0.01 hour=14.6999999999995)

[state] drowsy → nrem (fatigue=0.02 hour=14.8999999999995)

[nrem] bout starts (cycle 1)
  consolidator: 11 candidate(s), 7 cluster(s), 0 eligible
    forward_model: only 3 triples (< 40); skipping
  screen_model[mlx]: trained on 143 pairs (2x256), val=0.00114
    screen_model: saved -> screen_model

[state] nrem → wake (fatigue=0.00 hour=16.099999999999497)

[state] wake → drowsy (fatigue=0.01 hour=16.299999999999496)

[state] drowsy → nrem (fatigue=0.02 hour=16.499999999999496)

[nrem] bout starts (cycle 1)
  consolidator: 11 candidate(s), 7 cluster(s), 0 eligible
    forward_model: only 3 triples (< 40); skipping
  screen_model[mlx]: trained on 143 pairs (2x256), val=0.00114
    screen_model: saved -> screen_model

[state] nrem → wake (fatigue=0.00 hour=17.69999999999949)

[state] wake → drowsy (fatigue=0.01 hour=17.89999999999949)

[state] drowsy → nrem (fatigue=0.02 hour=18.09999999999949)

[nrem] bout starts (cycle 1)
  consolidator: 11 candidate(s), 7 cluster(s), 0 eligible
    forward_model: only 3 triples (< 40); skipping
  screen_model[mlx]: trained on 143 pairs (2x256), val=0.00114
    screen_model: saved -> screen_model

[state] nrem → wake (fatigue=0.00 hour=19.299999999999486)

[state] wake → drowsy (fatigue=0.01 hour=19.499999999999485)

[state] drowsy → nrem (fatigue=0.02 hour=19.699999999999484)

[nrem] bout starts (cycle 1)
  consolidator: 11 candidate(s), 7 cluster(s), 0 eligible
    forward_model: only 3 triples (< 40); skipping
  screen_model[mlx]: trained on 143 pairs (2x256), val=0.00114
    screen_model: saved -> screen_model

[state] nrem → wake (fatigue=0.00 hour=20.89999999999948)

[state] wake → drowsy (fatigue=0.01 hour=21.09999999999948)

[state] drowsy → nrem (fatigue=0.02 hour=21.29999999999948)

[nrem] bout starts (cycle 1)
  consolidator: 11 candidate(s), 7 cluster(s), 0 eligible
    forward_model: only 3 triples (< 40); skipping
  screen_model[mlx]: trained on 143 pairs (2x256), val=0.00114
    screen_model: saved -> screen_model

[state] nrem → wake (fatigue=0.00 hour=22.499999999999474)

[state] wake → drowsy (fatigue=0.01 hour=22.699999999999473)

[state] drowsy → nrem (fatigue=0.02 hour=22.899999999999473)

[nrem] bout starts (cycle 1)
  consolidator: 11 candidate(s), 7 cluster(s), 0 eligible
    forward_model: only 3 triples (< 40); skipping
  screen_model[mlx]: trained on 143 pairs (2x256), val=0.00114
    screen_model: saved -> screen_model

[state] nrem → wake (fatigue=0.00 hour=0.09999999999946851)

[state] wake → drowsy (fatigue=0.01 hour=0.2999999999994685)

[state] drowsy → nrem (fatigue=0.02 hour=0.49999999999946854)

[nrem] bout starts (cycle 1)
  consolidator: 11 candidate(s), 7 cluster(s), 0 eligible
    forward_model: only 3 triples (< 40); skipping
  screen_model[mlx]: trained on 143 pairs (2x256), val=0.00114
    screen_model: saved -> screen_model

[state] nrem → wake (fatigue=0.00 hour=1.6999999999994684)

[state] wake → drowsy (fatigue=0.01 hour=1.8999999999994683)

[state] drowsy → nrem (fatigue=0.02 hour=2.0999999999994685)

[nrem] bout starts (cycle 1)
  consolidator: 11 candidate(s), 7 cluster(s), 0 eligible
    forward_model: only 3 triples (< 40); skipping
  screen_model[mlx]: trained on 143 pairs (2x256), val=0.00114
    screen_model: saved -> screen_model

[state] nrem → wake (fatigue=0.00 hour=3.2999999999994696)

[state] wake → drowsy (fatigue=0.01 hour=3.4999999999994698)

[state] drowsy → nrem (fatigue=0.02 hour=3.69999999999947)

[nrem] bout starts (cycle 1)
  consolidator: 11 candidate(s), 7 cluster(s), 0 eligible
    forward_model: only 3 triples (< 40); skipping
  screen_model[mlx]: trained on 143 pairs (2x256), val=0.00114
    screen_model: saved -> screen_model

[state] nrem → wake (fatigue=0.00 hour=4.899999999999471)

[state] wake → drowsy (fatigue=0.01 hour=5.099999999999471)

[state] drowsy → nrem (fatigue=0.02 hour=5.299999999999471)

[nrem] bout starts (cycle 1)
  consolidator: 11 candidate(s), 7 cluster(s), 0 eligible
    forward_model: only 3 triples (< 40); skipping
  screen_model[mlx]: trained on 143 pairs (2x256), val=0.00114
    screen_model: saved -> screen_model

[state] nrem → wake (fatigue=0.00 hour=6.499999999999472)

[state] wake → drowsy (fatigue=0.01 hour=6.699999999999473)

[state] drowsy → nrem (fatigue=0.02 hour=6.899999999999473)

[nrem] bout starts (cycle 1)
  consolidator: 11 candidate(s), 7 cluster(s), 0 eligible
    forward_model: only 3 triples (< 40); skipping
  screen_model[mlx]: trained on 143 pairs (2x256), val=0.00114
    screen_model: saved -> screen_model

[state] nrem → wake (fatigue=0.00 hour=8.099999999999474)

[state] wake → drowsy (fatigue=0.01 hour=8.299999999999473)

[state] drowsy → nrem (fatigue=0.02 hour=8.499999999999472)

[nrem] bout starts (cycle 1)
  consolidator: 11 candidate(s), 7 cluster(s), 0 eligible
    forward_model: only 3 triples (< 40); skipping
  screen_model[mlx]: trained on 143 pairs (2x256), val=0.00114
    screen_model: saved -> screen_model

[state] nrem → wake (fatigue=0.00 hour=9.699999999999468)

[state] wake → drowsy (fatigue=0.01 hour=9.899999999999467)

[state] drowsy → nrem (fatigue=0.02 hour=10.099999999999467)

[nrem] bout starts (cycle 1)
  consolidator: 11 candidate(s), 7 cluster(s), 0 eligible
    forward_model: only 3 triples (< 40); skipping
  screen_model[mlx]: trained on 143 pairs (2x256), val=0.00114
    screen_model: saved -> screen_model

[state] nrem → wake (fatigue=0.00 hour=11.299999999999462)

[state] wake → drowsy (fatigue=0.01 hour=11.499999999999462)

[state] drowsy → nrem (fatigue=0.02 hour=11.699999999999461)

[nrem] bout starts (cycle 1)
  consolidator: 11 candidate(s), 7 cluster(s), 0 eligible
    forward_model: only 3 triples (< 40); skipping
  screen_model[mlx]: trained on 143 pairs (2x256), val=0.00114
    screen_model: saved -> screen_model

[state] nrem → wake (fatigue=0.00 hour=12.899999999999457)

[state] wake → drowsy (fatigue=0.01 hour=13.099999999999456)

[state] drowsy → nrem (fatigue=0.02 hour=13.299999999999455)

[nrem] bout starts (cycle 1)
  consolidator: 11 candidate(s), 7 cluster(s), 0 eligible
    forward_model: only 3 triples (< 40); skipping
  screen_model[mlx]: trained on 143 pairs (2x256), val=0.00114
    screen_model: saved -> screen_model

[state] nrem → wake (fatigue=0.00 hour=14.499999999999451)

[state] wake → drowsy (fatigue=0.01 hour=14.69999999999945)

[state] drowsy → nrem (fatigue=0.02 hour=14.89999999999945)

[nrem] bout starts (cycle 1)
  consolidator: 11 candidate(s), 7 cluster(s), 0 eligible
    forward_model: only 3 triples (< 40); skipping
  screen_model[mlx]: trained on 143 pairs (2x256), val=0.00114
    screen_model: saved -> screen_model

[state] nrem → wake (fatigue=0.00 hour=16.099999999999447)

[state] wake → drowsy (fatigue=0.01 hour=16.299999999999446)

[state] drowsy → nrem (fatigue=0.02 hour=16.499999999999446)

[nrem] bout starts (cycle 1)
  consolidator: 11 candidate(s), 7 cluster(s), 0 eligible
    forward_model: only 3 triples (< 40); skipping
  screen_model[mlx]: trained on 143 pairs (2x256), val=0.00114
    screen_model: saved -> screen_model

[state] nrem → wake (fatigue=0.00 hour=17.69999999999944)

[state] wake → drowsy (fatigue=0.01 hour=17.89999999999944)

[state] drowsy → nrem (fatigue=0.02 hour=18.09999999999944)

[nrem] bout starts (cycle 1)
  consolidator: 11 candidate(s), 7 cluster(s), 0 eligible
    forward_model: only 3 triples (< 40); skipping
  screen_model[mlx]: trained on 143 pairs (2x256), val=0.00114
    screen_model: saved -> screen_model

[state] nrem → wake (fatigue=0.00 hour=19.299999999999436)

[state] wake → drowsy (fatigue=0.01 hour=19.499999999999435)

[state] drowsy → nrem (fatigue=0.02 hour=19.699999999999434)

[nrem] bout starts (cycle 1)
  consolidator: 11 candidate(s), 7 cluster(s), 0 eligible
    forward_model: only 3 triples (< 40); skipping
  screen_model[mlx]: trained on 143 pairs (2x256), val=0.00114
    screen_model: saved -> screen_model

[state] nrem → wake (fatigue=0.00 hour=20.89999999999943)

[state] wake → drowsy (fatigue=0.01 hour=21.09999999999943)

[state] drowsy → nrem (fatigue=0.02 hour=21.29999999999943)

[nrem] bout starts (cycle 1)
  consolidator: 11 candidate(s), 7 cluster(s), 0 eligible
    forward_model: only 3 triples (< 40); skipping
  screen_model[mlx]: trained on 143 pairs (2x256), val=0.00114
    screen_model: saved -> screen_model

[state] nrem → wake (fatigue=0.00 hour=22.499999999999424)

[state] wake → drowsy (fatigue=0.01 hour=22.699999999999424)

[state] drowsy → nrem (fatigue=0.02 hour=22.899999999999423)

[nrem] bout starts (cycle 1)
  consolidator: 11 candidate(s), 7 cluster(s), 0 eligible
    forward_model: only 3 triples (< 40); skipping
  screen_model[mlx]: trained on 143 pairs (2x256), val=0.00114
    screen_model: saved -> screen_model

[state] nrem → wake (fatigue=0.00 hour=0.09999999999941878)

[state] wake → drowsy (fatigue=0.01 hour=0.2999999999994188)

[state] drowsy → nrem (fatigue=0.02 hour=0.4999999999994188)

[nrem] bout starts (cycle 1)
  consolidator: 11 candidate(s), 7 cluster(s), 0 eligible
    forward_model: only 3 triples (< 40); skipping
  screen_model[mlx]: trained on 143 pairs (2x256), val=0.00114
    screen_model: saved -> screen_model

[state] nrem → wake (fatigue=0.00 hour=1.6999999999994186)

[state] wake → drowsy (fatigue=0.01 hour=1.8999999999994186)

[state] drowsy → nrem (fatigue=0.02 hour=2.0999999999994188)

[nrem] bout starts (cycle 1)
  consolidator: 11 candidate(s), 7 cluster(s), 0 eligible
    forward_model: only 3 triples (< 40); skipping
  screen_model[mlx]: trained on 143 pairs (2x256), val=0.00114
    screen_model: saved -> screen_model

[state] nrem → wake (fatigue=0.00 hour=3.29999999999942)

[state] wake → drowsy (fatigue=0.01 hour=3.49999999999942)

[state] drowsy → nrem (fatigue=0.02 hour=3.69999999999942)

[nrem] bout starts (cycle 1)
  consolidator: 11 candidate(s), 7 cluster(s), 0 eligible
    forward_model: only 3 triples (< 40); skipping
  screen_model[mlx]: trained on 143 pairs (2x256), val=0.00114
    screen_model: saved -> screen_model

[state] nrem → wake (fatigue=0.00 hour=4.899999999999421)

[state] wake → drowsy (fatigue=0.01 hour=5.099999999999421)

[state] drowsy → nrem (fatigue=0.02 hour=5.299999999999422)

[nrem] bout starts (cycle 1)
  consolidator: 11 candidate(s), 7 cluster(s), 0 eligible
    forward_model: only 3 triples (< 40); skipping
  screen_model[mlx]: trained on 143 pairs (2x256), val=0.00114
    screen_model: saved -> screen_model

[state] nrem → wake (fatigue=0.00 hour=6.499999999999423)

[state] wake → drowsy (fatigue=0.01 hour=6.699999999999423)

[state] drowsy → nrem (fatigue=0.02 hour=6.899999999999423)

[nrem] bout starts (cycle 1)
  consolidator: 11 candidate(s), 7 cluster(s), 0 eligible
    forward_model: only 3 triples (< 40); skipping
  screen_model[mlx]: trained on 143 pairs (2x256), val=0.00114
    screen_model: saved -> screen_model

[state] nrem → wake (fatigue=0.00 hour=8.099999999999424)

[state] wake → drowsy (fatigue=0.01 hour=8.299999999999423)

[state] drowsy → nrem (fatigue=0.02 hour=8.499999999999423)

[nrem] bout starts (cycle 1)
  consolidator: 11 candidate(s), 7 cluster(s), 0 eligible
    forward_model: only 3 triples (< 40); skipping
  screen_model[mlx]: trained on 143 pairs (2x256), val=0.00114
    screen_model: saved -> screen_model

[state] nrem → wake (fatigue=0.00 hour=9.699999999999418)

[state] wake → drowsy (fatigue=0.01 hour=9.899999999999418)

[state] drowsy → nrem (fatigue=0.02 hour=10.099999999999417)

[nrem] bout starts (cycle 1)
  consolidator: 11 candidate(s), 7 cluster(s), 0 eligible
    forward_model: only 3 triples (< 40); skipping
  screen_model[mlx]: trained on 143 pairs (2x256), val=0.00114
    screen_model: saved -> screen_model

[state] nrem → wake (fatigue=0.00 hour=11.299999999999413)

[state] wake → drowsy (fatigue=0.01 hour=11.499999999999412)

[state] drowsy → nrem (fatigue=0.02 hour=11.699999999999411)

[nrem] bout starts (cycle 1)
  consolidator: 11 candidate(s), 7 cluster(s), 0 eligible
    forward_model: only 3 triples (< 40); skipping
  screen_model[mlx]: trained on 143 pairs (2x256), val=0.00114
    screen_model: saved -> screen_model

[state] nrem → wake (fatigue=0.00 hour=12.899999999999407)

[state] wake → drowsy (fatigue=0.01 hour=13.099999999999406)

[state] drowsy → nrem (fatigue=0.02 hour=13.299999999999406)

[nrem] bout starts (cycle 1)
  consolidator: 11 candidate(s), 7 cluster(s), 0 eligible
    forward_model: only 3 triples (< 40); skipping
  screen_model[mlx]: trained on 143 pairs (2x256), val=0.00114
    screen_model: saved -> screen_model

[state] nrem → wake (fatigue=0.00 hour=14.499999999999401)

[state] wake → drowsy (fatigue=0.01 hour=14.6999999999994)

[state] drowsy → nrem (fatigue=0.02 hour=14.8999999999994)

[nrem] bout starts (cycle 1)
  consolidator: 11 candidate(s), 7 cluster(s), 0 eligible
    forward_model: only 3 triples (< 40); skipping
  screen_model[mlx]: trained on 143 pairs (2x256), val=0.00114
    screen_model: saved -> screen_model

[state] nrem → wake (fatigue=0.00 hour=16.099999999999397)

[state] wake → drowsy (fatigue=0.01 hour=16.299999999999397)

[state] drowsy → nrem (fatigue=0.02 hour=16.499999999999396)

[nrem] bout starts (cycle 1)
  consolidator: 11 candidate(s), 7 cluster(s), 0 eligible
    forward_model: only 3 triples (< 40); skipping
  screen_model[mlx]: trained on 143 pairs (2x256), val=0.00114
    screen_model: saved -> screen_model

[state] nrem → wake (fatigue=0.00 hour=17.69999999999939)

[state] wake → drowsy (fatigue=0.01 hour=17.89999999999939)

[state] drowsy → nrem (fatigue=0.02 hour=18.09999999999939)

[nrem] bout starts (cycle 1)
  consolidator: 11 candidate(s), 7 cluster(s), 0 eligible
    forward_model: only 3 triples (< 40); skipping
  screen_model[mlx]: trained on 143 pairs (2x256), val=0.00114
    screen_model: saved -> screen_model

[state] nrem → wake (fatigue=0.00 hour=19.299999999999386)

[state] wake → drowsy (fatigue=0.01 hour=19.499999999999385)

[state] drowsy → nrem (fatigue=0.02 hour=19.699999999999385)

[nrem] bout starts (cycle 1)
  consolidator: 11 candidate(s), 7 cluster(s), 0 eligible
    forward_model: only 3 triples (< 40); skipping
  screen_model[mlx]: trained on 143 pairs (2x256), val=0.00114
    screen_model: saved -> screen_model

[state] nrem → wake (fatigue=0.00 hour=20.89999999999938)

[state] wake → drowsy (fatigue=0.01 hour=21.09999999999938)

[state] drowsy → nrem (fatigue=0.02 hour=21.29999999999938)

[nrem] bout starts (cycle 1)
  consolidator: 11 candidate(s), 7 cluster(s), 0 eligible
    forward_model: only 3 triples (< 40); skipping
  screen_model[mlx]: trained on 143 pairs (2x256), val=0.00114
    screen_model: saved -> screen_model

[state] nrem → wake (fatigue=0.00 hour=22.499999999999375)

[state] wake → drowsy (fatigue=0.01 hour=22.699999999999374)

[state] drowsy → nrem (fatigue=0.02 hour=22.899999999999373)

[nrem] bout starts (cycle 1)
  consolidator: 11 candidate(s), 7 cluster(s), 0 eligible
    forward_model: only 3 triples (< 40); skipping
  screen_model[mlx]: trained on 143 pairs (2x256), val=0.00114
    screen_model: saved -> screen_model

[state] nrem → wake (fatigue=0.00 hour=0.09999999999936904)

[state] wake → drowsy (fatigue=0.01 hour=0.29999999999936905)

[state] drowsy → nrem (fatigue=0.02 hour=0.49999999999936906)

[nrem] bout starts (cycle 1)
  consolidator: 11 candidate(s), 7 cluster(s), 0 eligible
    forward_model: only 3 triples (< 40); skipping
  screen_model[mlx]: trained on 143 pairs (2x256), val=0.00114
    screen_model: saved -> screen_model

[state] nrem → wake (fatigue=0.00 hour=1.699999999999369)

[state] wake → drowsy (fatigue=0.01 hour=1.8999999999993689)

[state] drowsy → nrem (fatigue=0.02 hour=2.099999999999369)

[nrem] bout starts (cycle 1)
  consolidator: 11 candidate(s), 7 cluster(s), 0 eligible
    forward_model: only 3 triples (< 40); skipping
  screen_model[mlx]: trained on 143 pairs (2x256), val=0.00114
    screen_model: saved -> screen_model

[state] nrem → wake (fatigue=0.00 hour=3.29999999999937)

[state] wake → drowsy (fatigue=0.01 hour=3.4999999999993703)

[state] drowsy → nrem (fatigue=0.02 hour=3.6999999999993705)

[nrem] bout starts (cycle 1)
  consolidator: 11 candidate(s), 7 cluster(s), 0 eligible
    forward_model: only 3 triples (< 40); skipping
  screen_model[mlx]: trained on 143 pairs (2x256), val=0.00114
    screen_model: saved -> screen_model

[state] nrem → wake (fatigue=0.00 hour=4.8999999999993715)

[state] wake → drowsy (fatigue=0.01 hour=5.099999999999372)

[state] drowsy → nrem (fatigue=0.02 hour=5.299999999999372)

[nrem] bout starts (cycle 1)
  consolidator: 11 candidate(s), 7 cluster(s), 0 eligible
    forward_model: only 3 triples (< 40); skipping
  screen_model[mlx]: trained on 143 pairs (2x256), val=0.00114
    screen_model: saved -> screen_model

[state] nrem → wake (fatigue=0.00 hour=6.499999999999373)

[state] wake → drowsy (fatigue=0.01 hour=6.699999999999373)

[state] drowsy → nrem (fatigue=0.02 hour=6.899999999999373)

[nrem] bout starts (cycle 1)
  consolidator: 11 candidate(s), 7 cluster(s), 0 eligible
    forward_model: only 3 triples (< 40); skipping
  screen_model[mlx]: trained on 143 pairs (2x256), val=0.00114
    screen_model: saved -> screen_model

[state] nrem → wake (fatigue=0.00 hour=8.099999999999374)

[state] wake → drowsy (fatigue=0.01 hour=8.299999999999374)

[state] drowsy → nrem (fatigue=0.02 hour=8.499999999999373)

[nrem] bout starts (cycle 1)
  consolidator: 11 candidate(s), 7 cluster(s), 0 eligible
    forward_model: only 3 triples (< 40); skipping
  screen_model[mlx]: trained on 143 pairs (2x256), val=0.00114
    screen_model: saved -> screen_model

[state] nrem → wake (fatigue=0.00 hour=9.699999999999369)

[state] wake → drowsy (fatigue=0.01 hour=9.899999999999368)

[state] drowsy → nrem (fatigue=0.02 hour=10.099999999999367)

[nrem] bout starts (cycle 1)
  consolidator: 11 candidate(s), 7 cluster(s), 0 eligible
    forward_model: only 3 triples (< 40); skipping
  screen_model[mlx]: trained on 143 pairs (2x256), val=0.00114
    screen_model: saved -> screen_model

[state] nrem → wake (fatigue=0.00 hour=11.299999999999363)

[state] wake → drowsy (fatigue=0.01 hour=11.499999999999362)

[state] drowsy → nrem (fatigue=0.02 hour=11.699999999999362)

[nrem] bout starts (cycle 1)
  consolidator: 11 candidate(s), 7 cluster(s), 0 eligible
    forward_model: only 3 triples (< 40); skipping
  screen_model[mlx]: trained on 143 pairs (2x256), val=0.00114
    screen_model: saved -> screen_model

[state] nrem → wake (fatigue=0.00 hour=12.899999999999357)

[state] wake → drowsy (fatigue=0.01 hour=13.099999999999357)

[state] drowsy → nrem (fatigue=0.02 hour=13.299999999999356)

[nrem] bout starts (cycle 1)
  consolidator: 11 candidate(s), 7 cluster(s), 0 eligible
    forward_model: only 3 triples (< 40); skipping
  screen_model[mlx]: trained on 143 pairs (2x256), val=0.00114
    screen_model: saved -> screen_model

[state] nrem → wake (fatigue=0.00 hour=14.499999999999352)

[state] wake → drowsy (fatigue=0.01 hour=14.699999999999351)

[state] drowsy → nrem (fatigue=0.02 hour=14.89999999999935)

[nrem] bout starts (cycle 1)
  consolidator: 11 candidate(s), 7 cluster(s), 0 eligible
    forward_model: only 3 triples (< 40); skipping
  screen_model[mlx]: trained on 143 pairs (2x256), val=0.00114
    screen_model: saved -> screen_model

[state] nrem → wake (fatigue=0.00 hour=16.099999999999348)

[state] wake → drowsy (fatigue=0.01 hour=16.299999999999347)

[state] drowsy → nrem (fatigue=0.02 hour=16.499999999999346)

[nrem] bout starts (cycle 1)
  consolidator: 11 candidate(s), 7 cluster(s), 0 eligible
    forward_model: only 3 triples (< 40); skipping
  screen_model[mlx]: trained on 143 pairs (2x256), val=0.00114
    screen_model: saved -> screen_model

[state] nrem → wake (fatigue=0.00 hour=17.699999999999342)

[state] wake → drowsy (fatigue=0.01 hour=17.89999999999934)

[state] drowsy → nrem (fatigue=0.02 hour=18.09999999999934)

[nrem] bout starts (cycle 1)
  consolidator: 11 candidate(s), 7 cluster(s), 0 eligible
    forward_model: only 3 triples (< 40); skipping
  screen_model[mlx]: trained on 143 pairs (2x256), val=0.00114
    screen_model: saved -> screen_model

[state] nrem → wake (fatigue=0.00 hour=19.299999999999336)

[state] wake → drowsy (fatigue=0.01 hour=19.499999999999336)

[state] drowsy → nrem (fatigue=0.02 hour=19.699999999999335)

[nrem] bout starts (cycle 1)
  consolidator: 11 candidate(s), 7 cluster(s), 0 eligible
    forward_model: only 3 triples (< 40); skipping
  screen_model[mlx]: trained on 143 pairs (2x256), val=0.00114
    screen_model: saved -> screen_model

[state] nrem → wake (fatigue=0.00 hour=20.89999999999933)

[state] wake → drowsy (fatigue=0.01 hour=21.09999999999933)

[state] drowsy → nrem (fatigue=0.02 hour=21.29999999999933)

[nrem] bout starts (cycle 1)
  consolidator: 11 candidate(s), 7 cluster(s), 0 eligible
    forward_model: only 3 triples (< 40); skipping
  screen_model[mlx]: trained on 143 pairs (2x256), val=0.00114
    screen_model: saved -> screen_model

[state] nrem → wake (fatigue=0.00 hour=22.499999999999325)

[state] wake → drowsy (fatigue=0.01 hour=22.699999999999324)

[state] drowsy → nrem (fatigue=0.02 hour=22.899999999999324)

[nrem] bout starts (cycle 1)
  consolidator: 11 candidate(s), 7 cluster(s), 0 eligible
    forward_model: only 3 triples (< 40); skipping
  screen_model[mlx]: trained on 143 pairs (2x256), val=0.00114
    screen_model: saved -> screen_model

[state] nrem → wake (fatigue=0.00 hour=0.0999999999993193)

[state] wake → drowsy (fatigue=0.01 hour=0.2999999999993193)

[state] drowsy → nrem (fatigue=0.02 hour=0.4999999999993193)

[nrem] bout starts (cycle 1)
  consolidator: 11 candidate(s), 7 cluster(s), 0 eligible
    forward_model: only 3 triples (< 40); skipping
  screen_model[mlx]: trained on 143 pairs (2x256), val=0.00114
    screen_model: saved -> screen_model

[state] nrem → wake (fatigue=0.00 hour=1.6999999999993192)

[state] wake → drowsy (fatigue=0.01 hour=1.8999999999993191)

[state] drowsy → nrem (fatigue=0.02 hour=2.0999999999993193)

[nrem] bout starts (cycle 1)
  consolidator: 11 candidate(s), 7 cluster(s), 0 eligible
    forward_model: only 3 triples (< 40); skipping
  screen_model[mlx]: trained on 143 pairs (2x256), val=0.00114
    screen_model: saved -> screen_model

[state] nrem → wake (fatigue=0.00 hour=3.2999999999993204)

[state] wake → drowsy (fatigue=0.01 hour=3.4999999999993205)

[state] drowsy → nrem (fatigue=0.02 hour=3.6999999999993207)

[nrem] bout starts (cycle 1)
  consolidator: 11 candidate(s), 7 cluster(s), 0 eligible
    forward_model: only 3 triples (< 40); skipping
  screen_model[mlx]: trained on 143 pairs (2x256), val=0.00114
    screen_model: saved -> screen_model

[state] nrem → wake (fatigue=0.00 hour=4.899999999999322)

[state] wake → drowsy (fatigue=0.01 hour=5.099999999999322)

[state] drowsy → nrem (fatigue=0.02 hour=5.299999999999322)

[nrem] bout starts (cycle 1)
  consolidator: 11 candidate(s), 7 cluster(s), 0 eligible
    forward_model: only 3 triples (< 40); skipping
  screen_model[mlx]: trained on 143 pairs (2x256), val=0.00114
    screen_model: saved -> screen_model

[state] nrem → wake (fatigue=0.00 hour=6.499999999999323)

[state] wake → drowsy (fatigue=0.01 hour=6.699999999999323)

[state] drowsy → nrem (fatigue=0.02 hour=6.899999999999324)

[nrem] bout starts (cycle 1)
  consolidator: 11 candidate(s), 7 cluster(s), 0 eligible
    forward_model: only 3 triples (< 40); skipping
  screen_model[mlx]: trained on 143 pairs (2x256), val=0.00114
    screen_model: saved -> screen_model

[state] nrem → wake (fatigue=0.00 hour=8.099999999999325)

[state] wake → drowsy (fatigue=0.01 hour=8.299999999999324)

[state] drowsy → nrem (fatigue=0.02 hour=8.499999999999323)

[nrem] bout starts (cycle 1)
  consolidator: 11 candidate(s), 7 cluster(s), 0 eligible
    forward_model: only 3 triples (< 40); skipping
  screen_model[mlx]: trained on 143 pairs (2x256), val=0.00114
    screen_model: saved -> screen_model

[state] nrem → wake (fatigue=0.00 hour=9.699999999999319)

[state] wake → drowsy (fatigue=0.01 hour=9.899999999999318)

[state] drowsy → nrem (fatigue=0.02 hour=10.099999999999318)

[nrem] bout starts (cycle 1)
  consolidator: 11 candidate(s), 7 cluster(s), 0 eligible
    forward_model: only 3 triples (< 40); skipping
  screen_model[mlx]: trained on 143 pairs (2x256), val=0.00114
    screen_model: saved -> screen_model

[state] nrem → wake (fatigue=0.00 hour=11.299999999999313)

[state] wake → drowsy (fatigue=0.01 hour=11.499999999999313)

[state] drowsy → nrem (fatigue=0.02 hour=11.699999999999312)

[nrem] bout starts (cycle 1)
  consolidator: 11 candidate(s), 7 cluster(s), 0 eligible
    forward_model: only 3 triples (< 40); skipping
  screen_model[mlx]: trained on 143 pairs (2x256), val=0.00114
    screen_model: saved -> screen_model

[state] nrem → wake (fatigue=0.00 hour=12.899999999999308)

[state] wake → drowsy (fatigue=0.01 hour=13.099999999999307)

[state] drowsy → nrem (fatigue=0.02 hour=13.299999999999306)

[nrem] bout starts (cycle 1)
  consolidator: 11 candidate(s), 7 cluster(s), 0 eligible
    forward_model: only 3 triples (< 40); skipping
  screen_model[mlx]: trained on 143 pairs (2x256), val=0.00114
    screen_model: saved -> screen_model

[state] nrem → wake (fatigue=0.00 hour=14.499999999999302)

[state] wake → drowsy (fatigue=0.01 hour=14.699999999999301)

[state] drowsy → nrem (fatigue=0.02 hour=14.8999999999993)

[nrem] bout starts (cycle 1)
  consolidator: 11 candidate(s), 7 cluster(s), 0 eligible
    forward_model: only 3 triples (< 40); skipping
  screen_model[mlx]: trained on 143 pairs (2x256), val=0.00114
    screen_model: saved -> screen_model

[state] nrem → wake (fatigue=0.00 hour=16.099999999999298)

[state] wake → drowsy (fatigue=0.01 hour=16.299999999999297)

[state] drowsy → nrem (fatigue=0.02 hour=16.499999999999297)

[nrem] bout starts (cycle 1)
  consolidator: 11 candidate(s), 7 cluster(s), 0 eligible
    forward_model: only 3 triples (< 40); skipping
  screen_model[mlx]: trained on 143 pairs (2x256), val=0.00114
    screen_model: saved -> screen_model

[state] nrem → wake (fatigue=0.00 hour=17.699999999999292)

[state] wake → drowsy (fatigue=0.01 hour=17.89999999999929)

[state] drowsy → nrem (fatigue=0.02 hour=18.09999999999929)

[nrem] bout starts (cycle 1)
  consolidator: 11 candidate(s), 7 cluster(s), 0 eligible
    forward_model: only 3 triples (< 40); skipping
  screen_model[mlx]: trained on 143 pairs (2x256), val=0.00114
    screen_model: saved -> screen_model

[state] nrem → wake (fatigue=0.00 hour=19.299999999999287)

[state] wake → drowsy (fatigue=0.01 hour=19.499999999999286)

[state] drowsy → nrem (fatigue=0.02 hour=19.699999999999285)

[nrem] bout starts (cycle 1)
  consolidator: 11 candidate(s), 7 cluster(s), 0 eligible
    forward_model: only 3 triples (< 40); skipping
  screen_model[mlx]: trained on 143 pairs (2x256), val=0.00114
    screen_model: saved -> screen_model

[state] nrem → wake (fatigue=0.00 hour=20.89999999999928)

[state] wake → drowsy (fatigue=0.01 hour=21.09999999999928)

[state] drowsy → nrem (fatigue=0.02 hour=21.29999999999928)

[nrem] bout starts (cycle 1)
  consolidator: 11 candidate(s), 7 cluster(s), 0 eligible
    forward_model: only 3 triples (< 40); skipping
  screen_model[mlx]: trained on 143 pairs (2x256), val=0.00114
    screen_model: saved -> screen_model

[state] nrem → wake (fatigue=0.00 hour=22.499999999999275)

[state] wake → drowsy (fatigue=0.01 hour=22.699999999999275)

[state] drowsy → nrem (fatigue=0.02 hour=22.899999999999274)

[nrem] bout starts (cycle 1)
  consolidator: 11 candidate(s), 7 cluster(s), 0 eligible
    forward_model: only 3 triples (< 40); skipping
  screen_model[mlx]: trained on 143 pairs (2x256), val=0.00114
    screen_model: saved -> screen_model

[state] nrem → wake (fatigue=0.00 hour=0.09999999999926956)

[state] wake → drowsy (fatigue=0.01 hour=0.2999999999992696)

[state] drowsy → nrem (fatigue=0.02 hour=0.4999999999992696)

[nrem] bout starts (cycle 1)
  consolidator: 11 candidate(s), 7 cluster(s), 0 eligible
    forward_model: only 3 triples (< 40); skipping
  screen_model[mlx]: trained on 143 pairs (2x256), val=0.00114
    screen_model: saved -> screen_model

[state] nrem → wake (fatigue=0.00 hour=1.6999999999992694)

[state] wake → drowsy (fatigue=0.01 hour=1.8999999999992694)

[state] drowsy → nrem (fatigue=0.02 hour=2.0999999999992696)

[nrem] bout starts (cycle 1)
  consolidator: 11 candidate(s), 7 cluster(s), 0 eligible
    forward_model: only 3 triples (< 40); skipping
  screen_model[mlx]: trained on 143 pairs (2x256), val=0.00114
    screen_model: saved -> screen_model

[state] nrem → wake (fatigue=0.00 hour=3.2999999999992706)

[state] wake → drowsy (fatigue=0.01 hour=3.499999999999271)

[state] drowsy → nrem (fatigue=0.02 hour=3.699999999999271)

[nrem] bout starts (cycle 1)
  consolidator: 11 candidate(s), 7 cluster(s), 0 eligible
    forward_model: only 3 triples (< 40); skipping
  screen_model[mlx]: trained on 143 pairs (2x256), val=0.00114
    screen_model: saved -> screen_model

[state] nrem → wake (fatigue=0.00 hour=4.899999999999272)

[state] wake → drowsy (fatigue=0.01 hour=5.099999999999272)

[state] drowsy → nrem (fatigue=0.02 hour=5.299999999999272)

[nrem] bout starts (cycle 1)
  consolidator: 11 candidate(s), 7 cluster(s), 0 eligible
    forward_model: only 3 triples (< 40); skipping
  screen_model[mlx]: trained on 143 pairs (2x256), val=0.00114
    screen_model: saved -> screen_model

[state] nrem → wake (fatigue=0.00 hour=6.4999999999992735)

[state] wake → drowsy (fatigue=0.01 hour=6.699999999999274)

[state] drowsy → nrem (fatigue=0.02 hour=6.899999999999274)

[nrem] bout starts (cycle 1)
  consolidator: 11 candidate(s), 7 cluster(s), 0 eligible
    forward_model: only 3 triples (< 40); skipping
  screen_model[mlx]: trained on 143 pairs (2x256), val=0.00114
    screen_model: saved -> screen_model

[state] nrem → wake (fatigue=0.00 hour=8.099999999999275)

[state] wake → drowsy (fatigue=0.01 hour=8.299999999999274)

[state] drowsy → nrem (fatigue=0.02 hour=8.499999999999273)

[nrem] bout starts (cycle 1)
  consolidator: 11 candidate(s), 7 cluster(s), 0 eligible
    forward_model: only 3 triples (< 40); skipping
  screen_model[mlx]: trained on 143 pairs (2x256), val=0.00114
    screen_model: saved -> screen_model

[state] nrem → wake (fatigue=0.00 hour=9.69999999999927)

[state] wake → drowsy (fatigue=0.01 hour=9.899999999999268)

[state] drowsy → nrem (fatigue=0.02 hour=10.099999999999268)

[nrem] bout starts (cycle 1)
  consolidator: 11 candidate(s), 7 cluster(s), 0 eligible
    forward_model: only 3 triples (< 40); skipping
  screen_model[mlx]: trained on 143 pairs (2x256), val=0.00114
    screen_model: saved -> screen_model

[state] nrem → wake (fatigue=0.00 hour=11.299999999999264)

[state] wake → drowsy (fatigue=0.01 hour=11.499999999999263)

[state] drowsy → nrem (fatigue=0.02 hour=11.699999999999262)

[nrem] bout starts (cycle 1)
  consolidator: 11 candidate(s), 7 cluster(s), 0 eligible
    forward_model: only 3 triples (< 40); skipping
  screen_model[mlx]: trained on 143 pairs (2x256), val=0.00114
    screen_model: saved -> screen_model

[state] nrem → wake (fatigue=0.00 hour=12.899999999999258)

[state] wake → drowsy (fatigue=0.01 hour=13.099999999999257)

[state] drowsy → nrem (fatigue=0.02 hour=13.299999999999256)

[nrem] bout starts (cycle 1)
  consolidator: 11 candidate(s), 7 cluster(s), 0 eligible
    forward_model: only 3 triples (< 40); skipping
  screen_model[mlx]: trained on 143 pairs (2x256), val=0.00114
    screen_model: saved -> screen_model

[state] nrem → wake (fatigue=0.00 hour=14.499999999999252)

[state] wake → drowsy (fatigue=0.01 hour=14.699999999999251)

[state] drowsy → nrem (fatigue=0.02 hour=14.89999999999925)

[nrem] bout starts (cycle 1)
  consolidator: 11 candidate(s), 7 cluster(s), 0 eligible
    forward_model: only 3 triples (< 40); skipping
  screen_model[mlx]: trained on 143 pairs (2x256), val=0.00114
    screen_model: saved -> screen_model

[state] nrem → wake (fatigue=0.00 hour=16.09999999999925)

[state] wake → drowsy (fatigue=0.01 hour=16.299999999999248)

[state] drowsy → nrem (fatigue=0.02 hour=16.499999999999247)

[nrem] bout starts (cycle 1)
  consolidator: 11 candidate(s), 7 cluster(s), 0 eligible
    forward_model: only 3 triples (< 40); skipping
  screen_model[mlx]: trained on 143 pairs (2x256), val=0.00114
    screen_model: saved -> screen_model

[state] nrem → wake (fatigue=0.00 hour=17.699999999999243)

[state] wake → drowsy (fatigue=0.01 hour=17.899999999999242)

[state] drowsy → nrem (fatigue=0.02 hour=18.09999999999924)

[nrem] bout starts (cycle 1)
  consolidator: 11 candidate(s), 7 cluster(s), 0 eligible
    forward_model: only 3 triples (< 40); skipping
  screen_model[mlx]: trained on 143 pairs (2x256), val=0.00114
    screen_model: saved -> screen_model

[state] nrem → wake (fatigue=0.00 hour=19.299999999999237)

[state] wake → drowsy (fatigue=0.01 hour=19.499999999999236)

[state] drowsy → nrem (fatigue=0.02 hour=19.699999999999235)

[nrem] bout starts (cycle 1)
  consolidator: 11 candidate(s), 7 cluster(s), 0 eligible
    forward_model: only 3 triples (< 40); skipping
  screen_model[mlx]: trained on 143 pairs (2x256), val=0.00114
    screen_model: saved -> screen_model

[state] nrem → wake (fatigue=0.00 hour=20.89999999999923)

[state] wake → drowsy (fatigue=0.01 hour=21.09999999999923)

[state] drowsy → nrem (fatigue=0.02 hour=21.29999999999923)

[nrem] bout starts (cycle 1)
  consolidator: 11 candidate(s), 7 cluster(s), 0 eligible
    forward_model: only 3 triples (< 40); skipping
  screen_model[mlx]: trained on 143 pairs (2x256), val=0.00114
    screen_model: saved -> screen_model

[state] nrem → wake (fatigue=0.00 hour=22.499999999999226)

[state] wake → drowsy (fatigue=0.01 hour=22.699999999999225)

[state] drowsy → nrem (fatigue=0.02 hour=22.899999999999224)

[nrem] bout starts (cycle 1)
  consolidator: 11 candidate(s), 7 cluster(s), 0 eligible
    forward_model: only 3 triples (< 40); skipping
  screen_model[mlx]: trained on 143 pairs (2x256), val=0.00114
    screen_model: saved -> screen_model

[state] nrem → wake (fatigue=0.00 hour=0.09999999999921982)

[state] wake → drowsy (fatigue=0.01 hour=0.29999999999921984)

[state] drowsy → nrem (fatigue=0.02 hour=0.49999999999921985)

[nrem] bout starts (cycle 1)
  consolidator: 11 candidate(s), 7 cluster(s), 0 eligible
    forward_model: only 3 triples (< 40); skipping
  screen_model[mlx]: trained on 143 pairs (2x256), val=0.00114
    screen_model: saved -> screen_model

[state] nrem → wake (fatigue=0.00 hour=1.6999999999992197)

[state] wake → drowsy (fatigue=0.01 hour=1.8999999999992196)

[state] drowsy → nrem (fatigue=0.02 hour=2.09999999999922)

[nrem] bout starts (cycle 1)
  consolidator: 11 candidate(s), 7 cluster(s), 0 eligible
    forward_model: only 3 triples (< 40); skipping
  screen_model[mlx]: trained on 143 pairs (2x256), val=0.00114
    screen_model: saved -> screen_model

[state] nrem → wake (fatigue=0.00 hour=3.299999999999221)

[state] wake → drowsy (fatigue=0.01 hour=3.499999999999221)

[state] drowsy → nrem (fatigue=0.02 hour=3.6999999999992212)

[nrem] bout starts (cycle 1)
  consolidator: 11 candidate(s), 7 cluster(s), 0 eligible
    forward_model: only 3 triples (< 40); skipping
  screen_model[mlx]: trained on 143 pairs (2x256), val=0.00114
    screen_model: saved -> screen_model

[state] nrem → wake (fatigue=0.00 hour=4.899999999999222)

[state] wake → drowsy (fatigue=0.01 hour=5.0999999999992225)

[state] drowsy → nrem (fatigue=0.02 hour=5.299999999999223)

[nrem] bout starts (cycle 1)
  consolidator: 11 candidate(s), 7 cluster(s), 0 eligible
    forward_model: only 3 triples (< 40); skipping
  screen_model[mlx]: trained on 143 pairs (2x256), val=0.00114
    screen_model: saved -> screen_model

[state] nrem → wake (fatigue=0.00 hour=6.499999999999224)

[state] wake → drowsy (fatigue=0.01 hour=6.699999999999224)

[state] drowsy → nrem (fatigue=0.02 hour=6.899999999999224)

[nrem] bout starts (cycle 1)
  consolidator: 11 candidate(s), 7 cluster(s), 0 eligible
    forward_model: only 3 triples (< 40); skipping
  screen_model[mlx]: trained on 143 pairs (2x256), val=0.00114
    screen_model: saved -> screen_model

[state] nrem → wake (fatigue=0.00 hour=8.099999999999225)

[state] wake → drowsy (fatigue=0.01 hour=8.299999999999224)

[state] drowsy → nrem (fatigue=0.02 hour=8.499999999999224)

[nrem] bout starts (cycle 1)
  consolidator: 11 candidate(s), 7 cluster(s), 0 eligible
    forward_model: only 3 triples (< 40); skipping
  screen_model[mlx]: trained on 143 pairs (2x256), val=0.00114
    screen_model: saved -> screen_model

[state] nrem → wake (fatigue=0.00 hour=9.69999999999922)

[state] wake → drowsy (fatigue=0.01 hour=9.899999999999219)

[state] drowsy → nrem (fatigue=0.02 hour=10.099999999999218)

[nrem] bout starts (cycle 1)
  consolidator: 11 candidate(s), 7 cluster(s), 0 eligible
    forward_model: only 3 triples (< 40); skipping
  screen_model[mlx]: trained on 143 pairs (2x256), val=0.00114
    screen_model: saved -> screen_model

[state] nrem → wake (fatigue=0.00 hour=11.299999999999214)

[state] wake → drowsy (fatigue=0.01 hour=11.499999999999213)

[state] drowsy → nrem (fatigue=0.02 hour=11.699999999999212)

[nrem] bout starts (cycle 1)
  consolidator: 11 candidate(s), 7 cluster(s), 0 eligible
    forward_model: only 3 triples (< 40); skipping
  screen_model[mlx]: trained on 143 pairs (2x256), val=0.00114
    screen_model: saved -> screen_model

[state] nrem → wake (fatigue=0.00 hour=12.899999999999208)

[state] wake → drowsy (fatigue=0.01 hour=13.099999999999207)

[state] drowsy → nrem (fatigue=0.02 hour=13.299999999999207)

[nrem] bout starts (cycle 1)
  consolidator: 11 candidate(s), 7 cluster(s), 0 eligible
    forward_model: only 3 triples (< 40); skipping
  screen_model[mlx]: trained on 143 pairs (2x256), val=0.00114
    screen_model: saved -> screen_model

[state] nrem → wake (fatigue=0.00 hour=14.499999999999202)

[state] wake → drowsy (fatigue=0.01 hour=14.699999999999202)

[state] drowsy → nrem (fatigue=0.02 hour=14.899999999999201)

[nrem] bout starts (cycle 1)
  consolidator: 11 candidate(s), 7 cluster(s), 0 eligible
    forward_model: only 3 triples (< 40); skipping
  screen_model[mlx]: trained on 143 pairs (2x256), val=0.00114
    screen_model: saved -> screen_model

[state] nrem → wake (fatigue=0.00 hour=16.0999999999992)

[state] wake → drowsy (fatigue=0.01 hour=16.299999999999198)

[state] drowsy → nrem (fatigue=0.02 hour=16.499999999999197)

[nrem] bout starts (cycle 1)
  consolidator: 11 candidate(s), 7 cluster(s), 0 eligible
    forward_model: only 3 triples (< 40); skipping
  screen_model[mlx]: trained on 143 pairs (2x256), val=0.00114
    screen_model: saved -> screen_model

[state] nrem → wake (fatigue=0.00 hour=17.699999999999193)

[state] wake → drowsy (fatigue=0.01 hour=17.899999999999192)

[state] drowsy → nrem (fatigue=0.02 hour=18.09999999999919)

[nrem] bout starts (cycle 1)
  consolidator: 11 candidate(s), 7 cluster(s), 0 eligible
    forward_model: only 3 triples (< 40); skipping
  screen_model[mlx]: trained on 143 pairs (2x256), val=0.00114
    screen_model: saved -> screen_model

[state] nrem → wake (fatigue=0.00 hour=19.299999999999187)

[state] wake → drowsy (fatigue=0.01 hour=19.499999999999186)

[state] drowsy → nrem (fatigue=0.02 hour=19.699999999999186)

[nrem] bout starts (cycle 1)
  consolidator: 11 candidate(s), 7 cluster(s), 0 eligible
    forward_model: only 3 triples (< 40); skipping
  screen_model[mlx]: trained on 143 pairs (2x256), val=0.00114
    screen_model: saved -> screen_model

[state] nrem → wake (fatigue=0.00 hour=20.89999999999918)

[state] wake → drowsy (fatigue=0.01 hour=21.09999999999918)

[state] drowsy → nrem (fatigue=0.02 hour=21.29999999999918)

[nrem] bout starts (cycle 1)
  consolidator: 11 candidate(s), 7 cluster(s), 0 eligible
    forward_model: only 3 triples (< 40); skipping
  screen_model[mlx]: trained on 143 pairs (2x256), val=0.00114
    screen_model: saved -> screen_model

[state] nrem → wake (fatigue=0.00 hour=22.499999999999176)

[state] wake → drowsy (fatigue=0.01 hour=22.699999999999175)

[state] drowsy → nrem (fatigue=0.02 hour=22.899999999999174)

[nrem] bout starts (cycle 1)
  consolidator: 11 candidate(s), 7 cluster(s), 0 eligible
    forward_model: only 3 triples (< 40); skipping
  screen_model[mlx]: trained on 143 pairs (2x256), val=0.00114
    screen_model: saved -> screen_model

[state] nrem → wake (fatigue=0.00 hour=0.09999999999917009)

[state] wake → drowsy (fatigue=0.01 hour=0.2999999999991701)

[state] drowsy → nrem (fatigue=0.02 hour=0.4999999999991701)

[nrem] bout starts (cycle 1)
  consolidator: 11 candidate(s), 7 cluster(s), 0 eligible
    forward_model: only 3 triples (< 40); skipping
  screen_model[mlx]: trained on 143 pairs (2x256), val=0.00114
    screen_model: saved -> screen_model

[state] nrem → wake (fatigue=0.00 hour=1.69999999999917)

[state] wake → drowsy (fatigue=0.01 hour=1.89999999999917)

[state] drowsy → nrem (fatigue=0.02 hour=2.09999999999917)

[nrem] bout starts (cycle 1)
  consolidator: 11 candidate(s), 7 cluster(s), 0 eligible
    forward_model: only 3 triples (< 40); skipping
  screen_model[mlx]: trained on 143 pairs (2x256), val=0.00114
    screen_model: saved -> screen_model

[state] nrem → wake (fatigue=0.00 hour=3.299999999999171)

[state] wake → drowsy (fatigue=0.01 hour=3.4999999999991713)

[state] drowsy → nrem (fatigue=0.02 hour=3.6999999999991715)

[nrem] bout starts (cycle 1)
  consolidator: 11 candidate(s), 7 cluster(s), 0 eligible
    forward_model: only 3 triples (< 40); skipping
  screen_model[mlx]: trained on 143 pairs (2x256), val=0.00114
    screen_model: saved -> screen_model

[state] nrem → wake (fatigue=0.00 hour=4.899999999999173)

[state] wake → drowsy (fatigue=0.01 hour=5.099999999999173)

[state] drowsy → nrem (fatigue=0.02 hour=5.299999999999173)

[nrem] bout starts (cycle 1)
  consolidator: 11 candidate(s), 7 cluster(s), 0 eligible
    forward_model: only 3 triples (< 40); skipping
  screen_model[mlx]: trained on 143 pairs (2x256), val=0.00114
    screen_model: saved -> screen_model

[state] nrem → wake (fatigue=0.00 hour=6.499999999999174)

[state] wake → drowsy (fatigue=0.01 hour=6.699999999999174)

[state] drowsy → nrem (fatigue=0.02 hour=6.899999999999174)

[nrem] bout starts (cycle 1)
  consolidator: 11 candidate(s), 7 cluster(s), 0 eligible
    forward_model: only 3 triples (< 40); skipping
  screen_model[mlx]: trained on 143 pairs (2x256), val=0.00114
    screen_model: saved -> screen_model

[state] nrem → wake (fatigue=0.00 hour=8.099999999999175)

[state] wake → drowsy (fatigue=0.01 hour=8.299999999999175)

[state] drowsy → nrem (fatigue=0.02 hour=8.499999999999174)

[nrem] bout starts (cycle 1)
  consolidator: 11 candidate(s), 7 cluster(s), 0 eligible
    forward_model: only 3 triples (< 40); skipping
  screen_model[mlx]: trained on 143 pairs (2x256), val=0.00114
    screen_model: saved -> screen_model

[state] nrem → wake (fatigue=0.00 hour=9.69999999999917)

[state] wake → drowsy (fatigue=0.01 hour=9.899999999999169)

[state] drowsy → nrem (fatigue=0.02 hour=10.099999999999168)

[nrem] bout starts (cycle 1)
  consolidator: 11 candidate(s), 7 cluster(s), 0 eligible
    forward_model: only 3 triples (< 40); skipping
  screen_model[mlx]: trained on 143 pairs (2x256), val=0.00114
    screen_model: saved -> screen_model

[state] nrem → wake (fatigue=0.00 hour=11.299999999999164)

[state] wake → drowsy (fatigue=0.01 hour=11.499999999999163)

[state] drowsy → nrem (fatigue=0.02 hour=11.699999999999163)

[nrem] bout starts (cycle 1)
  consolidator: 11 candidate(s), 7 cluster(s), 0 eligible
    forward_model: only 3 triples (< 40); skipping
  screen_model[mlx]: trained on 143 pairs (2x256), val=0.00114
    screen_model: saved -> screen_model

[state] nrem → wake (fatigue=0.00 hour=12.899999999999158)

[state] wake → drowsy (fatigue=0.01 hour=13.099999999999158)

[state] drowsy → nrem (fatigue=0.02 hour=13.299999999999157)

[nrem] bout starts (cycle 1)
  consolidator: 11 candidate(s), 7 cluster(s), 0 eligible
    forward_model: only 3 triples (< 40); skipping
  screen_model[mlx]: trained on 143 pairs (2x256), val=0.00114
    screen_model: saved -> screen_model

[state] nrem → wake (fatigue=0.00 hour=14.499999999999153)

[state] wake → drowsy (fatigue=0.01 hour=14.699999999999152)

[state] drowsy → nrem (fatigue=0.02 hour=14.899999999999151)

[nrem] bout starts (cycle 1)
  consolidator: 11 candidate(s), 7 cluster(s), 0 eligible
    forward_model: only 3 triples (< 40); skipping
  screen_model[mlx]: trained on 143 pairs (2x256), val=0.00114
    screen_model: saved -> screen_model

[state] nrem → wake (fatigue=0.00 hour=16.09999999999915)

[state] wake → drowsy (fatigue=0.01 hour=16.299999999999148)

[state] drowsy → nrem (fatigue=0.02 hour=16.499999999999147)

[nrem] bout starts (cycle 1)
  consolidator: 11 candidate(s), 7 cluster(s), 0 eligible
    forward_model: only 3 triples (< 40); skipping
  screen_model[mlx]: trained on 143 pairs (2x256), val=0.00114
    screen_model: saved -> screen_model

[state] nrem → wake (fatigue=0.00 hour=17.699999999999143)

[state] wake → drowsy (fatigue=0.01 hour=17.899999999999142)

[state] drowsy → nrem (fatigue=0.02 hour=18.09999999999914)

[nrem] bout starts (cycle 1)
  consolidator: 11 candidate(s), 7 cluster(s), 0 eligible
    forward_model: only 3 triples (< 40); skipping
  screen_model[mlx]: trained on 143 pairs (2x256), val=0.00114
    screen_model: saved -> screen_model

[state] nrem → wake (fatigue=0.00 hour=19.299999999999137)

[state] wake → drowsy (fatigue=0.01 hour=19.499999999999137)

[state] drowsy → nrem (fatigue=0.02 hour=19.699999999999136)

[nrem] bout starts (cycle 1)
  consolidator: 11 candidate(s), 7 cluster(s), 0 eligible
    forward_model: only 3 triples (< 40); skipping
  screen_model[mlx]: trained on 143 pairs (2x256), val=0.00114
    screen_model: saved -> screen_model

[state] nrem → wake (fatigue=0.00 hour=20.89999999999913)

[state] wake → drowsy (fatigue=0.01 hour=21.09999999999913)

[state] drowsy → nrem (fatigue=0.02 hour=21.29999999999913)

[nrem] bout starts (cycle 1)
  consolidator: 11 candidate(s), 7 cluster(s), 0 eligible
    forward_model: only 3 triples (< 40); skipping
  screen_model[mlx]: trained on 143 pairs (2x256), val=0.00114
    screen_model: saved -> screen_model

[state] nrem → wake (fatigue=0.00 hour=22.499999999999126)

[state] wake → drowsy (fatigue=0.01 hour=22.699999999999125)

[state] drowsy → nrem (fatigue=0.02 hour=22.899999999999125)

[nrem] bout starts (cycle 1)
  consolidator: 11 candidate(s), 7 cluster(s), 0 eligible
    forward_model: only 3 triples (< 40); skipping
  screen_model[mlx]: trained on 143 pairs (2x256), val=0.00114
    screen_model: saved -> screen_model

[state] nrem → wake (fatigue=0.00 hour=0.09999999999912035)

[state] wake → drowsy (fatigue=0.01 hour=0.29999999999912036)

[state] drowsy → nrem (fatigue=0.02 hour=0.49999999999912037)

[nrem] bout starts (cycle 1)
  consolidator: 11 candidate(s), 7 cluster(s), 0 eligible
    forward_model: only 3 triples (< 40); skipping
  screen_model[mlx]: trained on 143 pairs (2x256), val=0.00114
    screen_model: saved -> screen_model

[state] nrem → wake (fatigue=0.00 hour=1.6999999999991202)

[state] wake → drowsy (fatigue=0.01 hour=1.8999999999991202)

[state] drowsy → nrem (fatigue=0.02 hour=2.0999999999991203)

[nrem] bout starts (cycle 1)
  consolidator: 11 candidate(s), 7 cluster(s), 0 eligible
    forward_model: only 3 triples (< 40); skipping
  screen_model[mlx]: trained on 143 pairs (2x256), val=0.00114
    screen_model: saved -> screen_model

[state] nrem → wake (fatigue=0.00 hour=3.2999999999991214)

[state] wake → drowsy (fatigue=0.01 hour=3.4999999999991216)

[state] drowsy → nrem (fatigue=0.02 hour=3.6999999999991218)

[nrem] bout starts (cycle 1)
  consolidator: 11 candidate(s), 7 cluster(s), 0 eligible
    forward_model: only 3 triples (< 40); skipping
  screen_model[mlx]: trained on 143 pairs (2x256), val=0.00114
    screen_model: saved -> screen_model

[state] nrem → wake (fatigue=0.00 hour=4.899999999999123)

[state] wake → drowsy (fatigue=0.01 hour=5.099999999999123)

[state] drowsy → nrem (fatigue=0.02 hour=5.299999999999123)

[nrem] bout starts (cycle 1)
  consolidator: 11 candidate(s), 7 cluster(s), 0 eligible
    forward_model: only 3 triples (< 40); skipping
  screen_model[mlx]: trained on 143 pairs (2x256), val=0.00114
    screen_model: saved -> screen_model

[state] nrem → wake (fatigue=0.00 hour=6.499999999999124)

[state] wake → drowsy (fatigue=0.01 hour=6.699999999999124)

[state] drowsy → nrem (fatigue=0.02 hour=6.899999999999125)

[nrem] bout starts (cycle 1)
  consolidator: 11 candidate(s), 7 cluster(s), 0 eligible
    forward_model: only 3 triples (< 40); skipping
  screen_model[mlx]: trained on 143 pairs (2x256), val=0.00114
    screen_model: saved -> screen_model

[state] nrem → wake (fatigue=0.00 hour=8.099999999999126)

[state] wake → drowsy (fatigue=0.01 hour=8.299999999999125)

[state] drowsy → nrem (fatigue=0.02 hour=8.499999999999124)

[nrem] bout starts (cycle 1)
  consolidator: 11 candidate(s), 7 cluster(s), 0 eligible
    forward_model: only 3 triples (< 40); skipping
  screen_model[mlx]: trained on 143 pairs (2x256), val=0.00114
    screen_model: saved -> screen_model

[state] nrem → wake (fatigue=0.00 hour=9.69999999999912)

[state] wake → drowsy (fatigue=0.01 hour=9.89999999999912)

[state] drowsy → nrem (fatigue=0.02 hour=10.099999999999119)

[nrem] bout starts (cycle 1)
  consolidator: 11 candidate(s), 7 cluster(s), 0 eligible
    forward_model: only 3 triples (< 40); skipping
  screen_model[mlx]: trained on 143 pairs (2x256), val=0.00114
    screen_model: saved -> screen_model

[state] nrem → wake (fatigue=0.00 hour=11.299999999999114)

[state] wake → drowsy (fatigue=0.01 hour=11.499999999999114)

[state] drowsy → nrem (fatigue=0.02 hour=11.699999999999113)

[nrem] bout starts (cycle 1)
  consolidator: 11 candidate(s), 7 cluster(s), 0 eligible
    forward_model: only 3 triples (< 40); skipping
  screen_model[mlx]: trained on 143 pairs (2x256), val=0.00114
    screen_model: saved -> screen_model

[state] nrem → wake (fatigue=0.00 hour=12.899999999999109)

[state] wake → drowsy (fatigue=0.01 hour=13.099999999999108)

[state] drowsy → nrem (fatigue=0.02 hour=13.299999999999107)

[nrem] bout starts (cycle 1)
  consolidator: 11 candidate(s), 7 cluster(s), 0 eligible
    forward_model: only 3 triples (< 40); skipping
  screen_model[mlx]: trained on 143 pairs (2x256), val=0.00114
    screen_model: saved -> screen_model

[state] nrem → wake (fatigue=0.00 hour=14.499999999999103)

[state] wake → drowsy (fatigue=0.01 hour=14.699999999999102)

[state] drowsy → nrem (fatigue=0.02 hour=14.899999999999102)

[nrem] bout starts (cycle 1)
  consolidator: 11 candidate(s), 7 cluster(s), 0 eligible
    forward_model: only 3 triples (< 40); skipping
  screen_model[mlx]: trained on 143 pairs (2x256), val=0.00114
    screen_model: saved -> screen_model

[state] nrem → wake (fatigue=0.00 hour=16.0999999999991)

[state] wake → drowsy (fatigue=0.01 hour=16.2999999999991)

[state] drowsy → nrem (fatigue=0.02 hour=16.499999999999098)

[nrem] bout starts (cycle 1)
  consolidator: 11 candidate(s), 7 cluster(s), 0 eligible
    forward_model: only 3 triples (< 40); skipping
  screen_model[mlx]: trained on 143 pairs (2x256), val=0.00114
    screen_model: saved -> screen_model

[state] nrem → wake (fatigue=0.00 hour=17.699999999999093)

[state] wake → drowsy (fatigue=0.01 hour=17.899999999999093)

[state] drowsy → nrem (fatigue=0.02 hour=18.099999999999092)

[nrem] bout starts (cycle 1)
  consolidator: 11 candidate(s), 7 cluster(s), 0 eligible
    forward_model: only 3 triples (< 40); skipping
  screen_model[mlx]: trained on 143 pairs (2x256), val=0.00114
    screen_model: saved -> screen_model

[state] nrem → wake (fatigue=0.00 hour=19.299999999999088)

[state] wake → drowsy (fatigue=0.01 hour=19.499999999999087)

[state] drowsy → nrem (fatigue=0.02 hour=19.699999999999086)

[nrem] bout starts (cycle 1)
  consolidator: 11 candidate(s), 7 cluster(s), 0 eligible
    forward_model: only 3 triples (< 40); skipping
  screen_model[mlx]: trained on 143 pairs (2x256), val=0.00114
    screen_model: saved -> screen_model

[state] nrem → wake (fatigue=0.00 hour=20.899999999999082)

[state] wake → drowsy (fatigue=0.01 hour=21.09999999999908)

[state] drowsy → nrem (fatigue=0.02 hour=21.29999999999908)

[nrem] bout starts (cycle 1)
  consolidator: 11 candidate(s), 7 cluster(s), 0 eligible
    forward_model: only 3 triples (< 40); skipping
  screen_model[mlx]: trained on 143 pairs (2x256), val=0.00114
    screen_model: saved -> screen_model

[state] nrem → wake (fatigue=0.00 hour=22.499999999999076)

[state] wake → drowsy (fatigue=0.01 hour=22.699999999999076)

[state] drowsy → nrem (fatigue=0.02 hour=22.899999999999075)

[nrem] bout starts (cycle 1)
  consolidator: 11 candidate(s), 7 cluster(s), 0 eligible
    forward_model: only 3 triples (< 40); skipping
  screen_model[mlx]: trained on 143 pairs (2x256), val=0.00114
    screen_model: saved -> screen_model

[state] nrem → wake (fatigue=0.00 hour=0.09999999999907061)

[state] wake → drowsy (fatigue=0.01 hour=0.2999999999990706)

[state] drowsy → nrem (fatigue=0.02 hour=0.49999999999907063)

[nrem] bout starts (cycle 1)
  consolidator: 11 candidate(s), 7 cluster(s), 0 eligible
    forward_model: only 3 triples (< 40); skipping
  screen_model[mlx]: trained on 143 pairs (2x256), val=0.00114
    screen_model: saved -> screen_model

[state] nrem → wake (fatigue=0.00 hour=1.6999999999990705)

[state] wake → drowsy (fatigue=0.01 hour=1.8999999999990704)

[state] drowsy → nrem (fatigue=0.02 hour=2.0999999999990706)

[nrem] bout starts (cycle 1)
  consolidator: 11 candidate(s), 7 cluster(s), 0 eligible
    forward_model: only 3 triples (< 40); skipping
  screen_model[mlx]: trained on 143 pairs (2x256), val=0.00114
    screen_model: saved -> screen_model

[state] nrem → wake (fatigue=0.00 hour=3.2999999999990717)

[state] wake → drowsy (fatigue=0.01 hour=3.499999999999072)

[state] drowsy → nrem (fatigue=0.02 hour=3.699999999999072)

[nrem] bout starts (cycle 1)
  consolidator: 11 candidate(s), 7 cluster(s), 0 eligible
    forward_model: only 3 triples (< 40); skipping
  screen_model[mlx]: trained on 143 pairs (2x256), val=0.00114
    screen_model: saved -> screen_model

[state] nrem → wake (fatigue=0.00 hour=4.899999999999073)

[state] wake → drowsy (fatigue=0.01 hour=5.099999999999073)

[state] drowsy → nrem (fatigue=0.02 hour=5.2999999999990735)

[nrem] bout starts (cycle 1)
  consolidator: 11 candidate(s), 7 cluster(s), 0 eligible
    forward_model: only 3 triples (< 40); skipping
  screen_model[mlx]: trained on 143 pairs (2x256), val=0.00114
    screen_model: saved -> screen_model

[state] nrem → wake (fatigue=0.00 hour=6.4999999999990745)

[state] wake → drowsy (fatigue=0.01 hour=6.699999999999075)

[state] drowsy → nrem (fatigue=0.02 hour=6.899999999999075)

[nrem] bout starts (cycle 1)
  consolidator: 11 candidate(s), 7 cluster(s), 0 eligible
    forward_model: only 3 triples (< 40); skipping
  screen_model[mlx]: trained on 143 pairs (2x256), val=0.00114
    screen_model: saved -> screen_model

[state] nrem → wake (fatigue=0.00 hour=8.099999999999076)

[state] wake → drowsy (fatigue=0.01 hour=8.299999999999075)

[state] drowsy → nrem (fatigue=0.02 hour=8.499999999999075)

[nrem] bout starts (cycle 1)
  consolidator: 11 candidate(s), 7 cluster(s), 0 eligible
    forward_model: only 3 triples (< 40); skipping
  screen_model[mlx]: trained on 143 pairs (2x256), val=0.00114
    screen_model: saved -> screen_model

[state] nrem → wake (fatigue=0.00 hour=9.69999999999907)

[state] wake → drowsy (fatigue=0.01 hour=9.89999999999907)

[state] drowsy → nrem (fatigue=0.02 hour=10.099999999999069)

[nrem] bout starts (cycle 1)
  consolidator: 11 candidate(s), 7 cluster(s), 0 eligible
    forward_model: only 3 triples (< 40); skipping
  screen_model[mlx]: trained on 143 pairs (2x256), val=0.00114
    screen_model: saved -> screen_model

[state] nrem → wake (fatigue=0.00 hour=11.299999999999065)

[state] wake → drowsy (fatigue=0.01 hour=11.499999999999064)

[state] drowsy → nrem (fatigue=0.02 hour=11.699999999999063)

[nrem] bout starts (cycle 1)
  consolidator: 11 candidate(s), 7 cluster(s), 0 eligible
    forward_model: only 3 triples (< 40); skipping
  screen_model[mlx]: trained on 143 pairs (2x256), val=0.00114
    screen_model: saved -> screen_model

[state] nrem → wake (fatigue=0.00 hour=12.899999999999059)

[state] wake → drowsy (fatigue=0.01 hour=13.099999999999058)

[state] drowsy → nrem (fatigue=0.02 hour=13.299999999999057)

[nrem] bout starts (cycle 1)
  consolidator: 11 candidate(s), 7 cluster(s), 0 eligible
    forward_model: only 3 triples (< 40); skipping
  screen_model[mlx]: trained on 143 pairs (2x256), val=0.00114
    screen_model: saved -> screen_model

[state] nrem → wake (fatigue=0.00 hour=14.499999999999053)

[state] wake → drowsy (fatigue=0.01 hour=14.699999999999052)

[state] drowsy → nrem (fatigue=0.02 hour=14.899999999999052)

[nrem] bout starts (cycle 1)
  consolidator: 11 candidate(s), 7 cluster(s), 0 eligible
    forward_model: only 3 triples (< 40); skipping
  screen_model[mlx]: trained on 143 pairs (2x256), val=0.00114
    screen_model: saved -> screen_model

[state] nrem → wake (fatigue=0.00 hour=16.09999999999905)

[state] wake → drowsy (fatigue=0.01 hour=16.29999999999905)

[state] drowsy → nrem (fatigue=0.02 hour=16.499999999999048)

[nrem] bout starts (cycle 1)
  consolidator: 11 candidate(s), 7 cluster(s), 0 eligible
    forward_model: only 3 triples (< 40); skipping
  screen_model[mlx]: trained on 143 pairs (2x256), val=0.00114
    screen_model: saved -> screen_model

[state] nrem → wake (fatigue=0.00 hour=17.699999999999044)

[state] wake → drowsy (fatigue=0.01 hour=17.899999999999043)

[state] drowsy → nrem (fatigue=0.02 hour=18.099999999999042)

[nrem] bout starts (cycle 1)
  consolidator: 11 candidate(s), 7 cluster(s), 0 eligible
    forward_model: only 3 triples (< 40); skipping
  screen_model[mlx]: trained on 143 pairs (2x256), val=0.00114
    screen_model: saved -> screen_model

[state] nrem → wake (fatigue=0.00 hour=19.299999999999038)

[state] wake → drowsy (fatigue=0.01 hour=19.499999999999037)

[state] drowsy → nrem (fatigue=0.02 hour=19.699999999999037)

[nrem] bout starts (cycle 1)
  consolidator: 11 candidate(s), 7 cluster(s), 0 eligible
    forward_model: only 3 triples (< 40); skipping
  screen_model[mlx]: trained on 143 pairs (2x256), val=0.00114
    screen_model: saved -> screen_model

[state] nrem → wake (fatigue=0.00 hour=20.899999999999032)

[state] wake → drowsy (fatigue=0.01 hour=21.09999999999903)

[state] drowsy → nrem (fatigue=0.02 hour=21.29999999999903)

[nrem] bout starts (cycle 1)
  consolidator: 11 candidate(s), 7 cluster(s), 0 eligible
    forward_model: only 3 triples (< 40); skipping
  screen_model[mlx]: trained on 143 pairs (2x256), val=0.00114
    screen_model: saved -> screen_model

[state] nrem → wake (fatigue=0.00 hour=22.499999999999027)

[state] wake → drowsy (fatigue=0.01 hour=22.699999999999026)

[state] drowsy → nrem (fatigue=0.02 hour=22.899999999999025)

[nrem] bout starts (cycle 1)
  consolidator: 11 candidate(s), 7 cluster(s), 0 eligible
    forward_model: only 3 triples (< 40); skipping
  screen_model[mlx]: trained on 143 pairs (2x256), val=0.00114
    screen_model: saved -> screen_model

[state] nrem → wake (fatigue=0.00 hour=0.09999999999902087)

[state] wake → drowsy (fatigue=0.01 hour=0.2999999999990209)

[state] drowsy → nrem (fatigue=0.02 hour=0.4999999999990209)

[nrem] bout starts (cycle 1)
  consolidator: 11 candidate(s), 7 cluster(s), 0 eligible
    forward_model: only 3 triples (< 40); skipping
  screen_model[mlx]: trained on 143 pairs (2x256), val=0.00114
    screen_model: saved -> screen_model

[state] nrem → wake (fatigue=0.00 hour=1.6999999999990207)

[state] wake → drowsy (fatigue=0.01 hour=1.8999999999990207)

[state] drowsy → nrem (fatigue=0.02 hour=2.099999999999021)

[nrem] bout starts (cycle 1)
  consolidator: 11 candidate(s), 7 cluster(s), 0 eligible
    forward_model: only 3 triples (< 40); skipping
  screen_model[mlx]: trained on 143 pairs (2x256), val=0.00114
    screen_model: saved -> screen_model

[state] nrem → wake (fatigue=0.00 hour=3.299999999999022)

[state] wake → drowsy (fatigue=0.01 hour=3.499999999999022)

[state] drowsy → nrem (fatigue=0.02 hour=3.6999999999990223)

[nrem] bout starts (cycle 1)
  consolidator: 11 candidate(s), 7 cluster(s), 0 eligible
    forward_model: only 3 triples (< 40); skipping
  screen_model[mlx]: trained on 143 pairs (2x256), val=0.00114
    screen_model: saved -> screen_model

[state] nrem → wake (fatigue=0.00 hour=4.899999999999023)

[state] wake → drowsy (fatigue=0.01 hour=5.0999999999990235)

[state] drowsy → nrem (fatigue=0.02 hour=5.299999999999024)

[nrem] bout starts (cycle 1)
  consolidator: 11 candidate(s), 7 cluster(s), 0 eligible
    forward_model: only 3 triples (< 40); skipping
  screen_model[mlx]: trained on 143 pairs (2x256), val=0.00114
    screen_model: saved -> screen_model

[state] nrem → wake (fatigue=0.00 hour=6.499999999999025)

[state] wake → drowsy (fatigue=0.01 hour=6.699999999999025)

[state] drowsy → nrem (fatigue=0.02 hour=6.899999999999025)

[nrem] bout starts (cycle 1)
  consolidator: 11 candidate(s), 7 cluster(s), 0 eligible
    forward_model: only 3 triples (< 40); skipping
  screen_model[mlx]: trained on 143 pairs (2x256), val=0.00114
    screen_model: saved -> screen_model

[state] nrem → wake (fatigue=0.00 hour=8.099999999999026)

[state] wake → drowsy (fatigue=0.01 hour=8.299999999999025)

[state] drowsy → nrem (fatigue=0.02 hour=8.499999999999025)

[nrem] bout starts (cycle 1)
  consolidator: 11 candidate(s), 7 cluster(s), 0 eligible
    forward_model: only 3 triples (< 40); skipping
  screen_model[mlx]: trained on 143 pairs (2x256), val=0.00114
    screen_model: saved -> screen_model

[state] nrem → wake (fatigue=0.00 hour=9.69999999999902)

[state] wake → drowsy (fatigue=0.01 hour=9.89999999999902)

[state] drowsy → nrem (fatigue=0.02 hour=10.099999999999019)

[nrem] bout starts (cycle 1)
  consolidator: 11 candidate(s), 7 cluster(s), 0 eligible
    forward_model: only 3 triples (< 40); skipping
  screen_model[mlx]: trained on 143 pairs (2x256), val=0.00114
    screen_model: saved -> screen_model

[state] nrem → wake (fatigue=0.00 hour=11.299999999999015)

[state] wake → drowsy (fatigue=0.01 hour=11.499999999999014)

[state] drowsy → nrem (fatigue=0.02 hour=11.699999999999013)

[nrem] bout starts (cycle 1)
  consolidator: 11 candidate(s), 7 cluster(s), 0 eligible
    forward_model: only 3 triples (< 40); skipping
  screen_model[mlx]: trained on 143 pairs (2x256), val=0.00114
    screen_model: saved -> screen_model

[state] nrem → wake (fatigue=0.00 hour=12.89999999999901)

[state] wake → drowsy (fatigue=0.01 hour=13.099999999999008)

[state] drowsy → nrem (fatigue=0.02 hour=13.299999999999008)

[nrem] bout starts (cycle 1)
  consolidator: 11 candidate(s), 7 cluster(s), 0 eligible
    forward_model: only 3 triples (< 40); skipping
  screen_model[mlx]: trained on 143 pairs (2x256), val=0.00114
    screen_model: saved -> screen_model

[state] nrem → wake (fatigue=0.00 hour=14.499999999999003)

[state] wake → drowsy (fatigue=0.01 hour=14.699999999999003)

[state] drowsy → nrem (fatigue=0.02 hour=14.899999999999002)

[nrem] bout starts (cycle 1)
  consolidator: 11 candidate(s), 7 cluster(s), 0 eligible
    forward_model: only 3 triples (< 40); skipping
  screen_model[mlx]: trained on 143 pairs (2x256), val=0.00114
    screen_model: saved -> screen_model

[state] nrem → wake (fatigue=0.00 hour=16.099999999999)

[state] wake → drowsy (fatigue=0.01 hour=16.299999999999)

[state] drowsy → nrem (fatigue=0.02 hour=16.499999999998998)

[nrem] bout starts (cycle 1)
  consolidator: 11 candidate(s), 7 cluster(s), 0 eligible
    forward_model: only 3 triples (< 40); skipping
  screen_model[mlx]: trained on 143 pairs (2x256), val=0.00114
    screen_model: saved -> screen_model

[state] nrem → wake (fatigue=0.00 hour=17.699999999998994)

[state] wake → drowsy (fatigue=0.01 hour=17.899999999998993)

[state] drowsy → nrem (fatigue=0.02 hour=18.099999999998992)

[nrem] bout starts (cycle 1)
  consolidator: 11 candidate(s), 7 cluster(s), 0 eligible
    forward_model: only 3 triples (< 40); skipping
  screen_model[mlx]: trained on 143 pairs (2x256), val=0.00114
    screen_model: saved -> screen_model

[state] nrem → wake (fatigue=0.00 hour=19.299999999998988)

[state] wake → drowsy (fatigue=0.01 hour=19.499999999998987)

[state] drowsy → nrem (fatigue=0.02 hour=19.699999999998987)

[nrem] bout starts (cycle 1)
  consolidator: 11 candidate(s), 7 cluster(s), 0 eligible
    forward_model: only 3 triples (< 40); skipping
  screen_model[mlx]: trained on 143 pairs (2x256), val=0.00114
    screen_model: saved -> screen_model

[state] nrem → wake (fatigue=0.00 hour=20.899999999998983)

[state] wake → drowsy (fatigue=0.01 hour=21.099999999998982)

[state] drowsy → nrem (fatigue=0.02 hour=21.29999999999898)

[nrem] bout starts (cycle 1)
  consolidator: 11 candidate(s), 7 cluster(s), 0 eligible
    forward_model: only 3 triples (< 40); skipping
  screen_model[mlx]: trained on 143 pairs (2x256), val=0.00114
    screen_model: saved -> screen_model

[state] nrem → wake (fatigue=0.00 hour=22.499999999998977)

[state] wake → drowsy (fatigue=0.01 hour=22.699999999998976)

[state] drowsy → nrem (fatigue=0.02 hour=22.899999999998975)

[nrem] bout starts (cycle 1)
  consolidator: 11 candidate(s), 7 cluster(s), 0 eligible
    forward_model: only 3 triples (< 40); skipping
  screen_model[mlx]: trained on 143 pairs (2x256), val=0.00114
    screen_model: saved -> screen_model

[state] nrem → wake (fatigue=0.00 hour=0.09999999999897113)

[state] wake → drowsy (fatigue=0.01 hour=0.29999999999897115)

[state] drowsy → nrem (fatigue=0.02 hour=0.49999999999897116)

[nrem] bout starts (cycle 1)
  consolidator: 11 candidate(s), 7 cluster(s), 0 eligible
    forward_model: only 3 triples (< 40); skipping
  screen_model[mlx]: trained on 143 pairs (2x256), val=0.00114
    screen_model: saved -> screen_model

[state] nrem → wake (fatigue=0.00 hour=1.699999999998971)

[state] wake → drowsy (fatigue=0.01 hour=1.899999999998971)

[state] drowsy → nrem (fatigue=0.02 hour=2.099999999998971)

[nrem] bout starts (cycle 1)
  consolidator: 11 candidate(s), 7 cluster(s), 0 eligible
    forward_model: only 3 triples (< 40); skipping
  screen_model[mlx]: trained on 143 pairs (2x256), val=0.00114
    screen_model: saved -> screen_model

[state] nrem → wake (fatigue=0.00 hour=3.299999999998972)

[state] wake → drowsy (fatigue=0.01 hour=3.4999999999989724)

[state] drowsy → nrem (fatigue=0.02 hour=3.6999999999989726)

[nrem] bout starts (cycle 1)
  consolidator: 11 candidate(s), 7 cluster(s), 0 eligible
    forward_model: only 3 triples (< 40); skipping
  screen_model[mlx]: trained on 143 pairs (2x256), val=0.00114
    screen_model: saved -> screen_model

[state] nrem → wake (fatigue=0.00 hour=4.899999999998974)

[state] wake → drowsy (fatigue=0.01 hour=5.099999999998974)

[state] drowsy → nrem (fatigue=0.02 hour=5.299999999998974)

[nrem] bout starts (cycle 1)
  consolidator: 11 candidate(s), 7 cluster(s), 0 eligible
    forward_model: only 3 triples (< 40); skipping
  screen_model[mlx]: trained on 143 pairs (2x256), val=0.00114
    screen_model: saved -> screen_model

[state] nrem → wake (fatigue=0.00 hour=6.499999999998975)

[state] wake → drowsy (fatigue=0.01 hour=6.699999999998975)

[state] drowsy → nrem (fatigue=0.02 hour=6.899999999998975)

[nrem] bout starts (cycle 1)
  consolidator: 11 candidate(s), 7 cluster(s), 0 eligible
    forward_model: only 3 triples (< 40); skipping
  screen_model[mlx]: trained on 143 pairs (2x256), val=0.00114
    screen_model: saved -> screen_model

[state] nrem → wake (fatigue=0.00 hour=8.099999999998976)

[state] wake → drowsy (fatigue=0.01 hour=8.299999999998976)

[state] drowsy → nrem (fatigue=0.02 hour=8.499999999998975)

[nrem] bout starts (cycle 1)
  consolidator: 11 candidate(s), 7 cluster(s), 0 eligible
    forward_model: only 3 triples (< 40); skipping
  screen_model[mlx]: trained on 143 pairs (2x256), val=0.00114
    screen_model: saved -> screen_model

[state] nrem → wake (fatigue=0.00 hour=9.69999999999897)

[state] wake → drowsy (fatigue=0.01 hour=9.89999999999897)

[state] drowsy → nrem (fatigue=0.02 hour=10.09999999999897)

[nrem] bout starts (cycle 1)
  consolidator: 11 candidate(s), 7 cluster(s), 0 eligible
    forward_model: only 3 triples (< 40); skipping
  screen_model[mlx]: trained on 143 pairs (2x256), val=0.00114
    screen_model: saved -> screen_model

[state] nrem → wake (fatigue=0.00 hour=11.299999999998965)

[state] wake → drowsy (fatigue=0.01 hour=11.499999999998964)

[state] drowsy → nrem (fatigue=0.02 hour=11.699999999998964)

[nrem] bout starts (cycle 1)
  consolidator: 11 candidate(s), 7 cluster(s), 0 eligible
    forward_model: only 3 triples (< 40); skipping
  screen_model[mlx]: trained on 143 pairs (2x256), val=0.00114
    screen_model: saved -> screen_model

[state] nrem → wake (fatigue=0.00 hour=12.89999999999896)

[state] wake → drowsy (fatigue=0.01 hour=13.099999999998959)

[state] drowsy → nrem (fatigue=0.02 hour=13.299999999998958)

[nrem] bout starts (cycle 1)
  consolidator: 11 candidate(s), 7 cluster(s), 0 eligible
    forward_model: only 3 triples (< 40); skipping
  screen_model[mlx]: trained on 143 pairs (2x256), val=0.00114
    screen_model: saved -> screen_model

[state] nrem → wake (fatigue=0.00 hour=14.499999999998954)

[state] wake → drowsy (fatigue=0.01 hour=14.699999999998953)

[state] drowsy → nrem (fatigue=0.02 hour=14.899999999998952)

[nrem] bout starts (cycle 1)
  consolidator: 11 candidate(s), 7 cluster(s), 0 eligible
    forward_model: only 3 triples (< 40); skipping
  screen_model[mlx]: trained on 143 pairs (2x256), val=0.00114
    screen_model: saved -> screen_model

[state] nrem → wake (fatigue=0.00 hour=16.09999999999895)

[state] wake → drowsy (fatigue=0.01 hour=16.29999999999895)

[state] drowsy → nrem (fatigue=0.02 hour=16.49999999999895)

[nrem] bout starts (cycle 1)
  consolidator: 11 candidate(s), 7 cluster(s), 0 eligible
    forward_model: only 3 triples (< 40); skipping
  screen_model[mlx]: trained on 143 pairs (2x256), val=0.00114
    screen_model: saved -> screen_model

[state] nrem → wake (fatigue=0.00 hour=17.699999999998944)

[state] wake → drowsy (fatigue=0.01 hour=17.899999999998943)

[state] drowsy → nrem (fatigue=0.02 hour=18.099999999998943)

[nrem] bout starts (cycle 1)
  consolidator: 11 candidate(s), 7 cluster(s), 0 eligible
    forward_model: only 3 triples (< 40); skipping
  screen_model[mlx]: trained on 143 pairs (2x256), val=0.00114
    screen_model: saved -> screen_model

[state] nrem → wake (fatigue=0.00 hour=19.29999999999894)

[state] wake → drowsy (fatigue=0.01 hour=19.499999999998938)

[state] drowsy → nrem (fatigue=0.02 hour=19.699999999998937)

[nrem] bout starts (cycle 1)
  consolidator: 11 candidate(s), 7 cluster(s), 0 eligible
    forward_model: only 3 triples (< 40); skipping
  screen_model[mlx]: trained on 143 pairs (2x256), val=0.00114
    screen_model: saved -> screen_model

[state] nrem → wake (fatigue=0.00 hour=20.899999999998933)

[state] wake → drowsy (fatigue=0.01 hour=21.099999999998932)

[state] drowsy → nrem (fatigue=0.02 hour=21.29999999999893)

[nrem] bout starts (cycle 1)
  consolidator: 11 candidate(s), 7 cluster(s), 0 eligible
    forward_model: only 3 triples (< 40); skipping
  screen_model[mlx]: trained on 143 pairs (2x256), val=0.00114
    screen_model: saved -> screen_model

[state] nrem → wake (fatigue=0.00 hour=22.499999999998927)

[state] wake → drowsy (fatigue=0.01 hour=22.699999999998926)

[state] drowsy → nrem (fatigue=0.02 hour=22.899999999998926)

[nrem] bout starts (cycle 1)
  consolidator: 11 candidate(s), 7 cluster(s), 0 eligible
    forward_model: only 3 triples (< 40); skipping
  screen_model[mlx]: trained on 143 pairs (2x256), val=0.00114
    screen_model: saved -> screen_model

[state] nrem → wake (fatigue=0.00 hour=0.0999999999989214)

[state] wake → drowsy (fatigue=0.01 hour=0.2999999999989214)

[state] drowsy → nrem (fatigue=0.02 hour=0.4999999999989214)

[nrem] bout starts (cycle 1)
  consolidator: 11 candidate(s), 7 cluster(s), 0 eligible
    forward_model: only 3 triples (< 40); skipping
  screen_model[mlx]: trained on 143 pairs (2x256), val=0.00114
    screen_model: saved -> screen_model

[state] nrem → wake (fatigue=0.00 hour=1.6999999999989213)

[state] wake → drowsy (fatigue=0.01 hour=1.8999999999989212)

[state] drowsy → nrem (fatigue=0.02 hour=2.0999999999989214)

[nrem] bout starts (cycle 1)
  consolidator: 11 candidate(s), 7 cluster(s), 0 eligible
    forward_model: only 3 triples (< 40); skipping
  screen_model[mlx]: trained on 143 pairs (2x256), val=0.00114
    screen_model: saved -> screen_model

[state] nrem → wake (fatigue=0.00 hour=3.2999999999989225)

[state] wake → drowsy (fatigue=0.01 hour=3.4999999999989226)

[state] drowsy → nrem (fatigue=0.02 hour=3.699999999998923)

[nrem] bout starts (cycle 1)
  consolidator: 11 candidate(s), 7 cluster(s), 0 eligible
    forward_model: only 3 triples (< 40); skipping
  screen_model[mlx]: trained on 143 pairs (2x256), val=0.00114
    screen_model: saved -> screen_model

[state] nrem → wake (fatigue=0.00 hour=4.899999999998924)

[state] wake → drowsy (fatigue=0.01 hour=5.099999999998924)

[state] drowsy → nrem (fatigue=0.02 hour=5.299999999998924)

[nrem] bout starts (cycle 1)
  consolidator: 11 candidate(s), 7 cluster(s), 0 eligible
    forward_model: only 3 triples (< 40); skipping
  screen_model[mlx]: trained on 143 pairs (2x256), val=0.00114
    screen_model: saved -> screen_model

[state] nrem → wake (fatigue=0.00 hour=6.499999999998925)

[state] wake → drowsy (fatigue=0.01 hour=6.6999999999989255)

[state] drowsy → nrem (fatigue=0.02 hour=6.899999999998926)

[nrem] bout starts (cycle 1)
  consolidator: 11 candidate(s), 7 cluster(s), 0 eligible
    forward_model: only 3 triples (< 40); skipping
  screen_model[mlx]: trained on 143 pairs (2x256), val=0.00114
    screen_model: saved -> screen_model

[state] nrem → wake (fatigue=0.00 hour=8.099999999998927)

[state] wake → drowsy (fatigue=0.01 hour=8.299999999998926)

[state] drowsy → nrem (fatigue=0.02 hour=8.499999999998925)

[nrem] bout starts (cycle 1)
  consolidator: 11 candidate(s), 7 cluster(s), 0 eligible
    forward_model: only 3 triples (< 40); skipping
  screen_model[mlx]: trained on 143 pairs (2x256), val=0.00114
    screen_model: saved -> screen_model

[state] nrem → wake (fatigue=0.00 hour=9.699999999998921)

[state] wake → drowsy (fatigue=0.01 hour=9.89999999999892)

[state] drowsy → nrem (fatigue=0.02 hour=10.09999999999892)

[nrem] bout starts (cycle 1)
  consolidator: 11 candidate(s), 7 cluster(s), 0 eligible
    forward_model: only 3 triples (< 40); skipping
  screen_model[mlx]: trained on 143 pairs (2x256), val=0.00114
    screen_model: saved -> screen_model

[state] nrem → wake (fatigue=0.00 hour=11.299999999998915)

[state] wake → drowsy (fatigue=0.01 hour=11.499999999998915)

[state] drowsy → nrem (fatigue=0.02 hour=11.699999999998914)

[nrem] bout starts (cycle 1)
  consolidator: 11 candidate(s), 7 cluster(s), 0 eligible
    forward_model: only 3 triples (< 40); skipping
  screen_model[mlx]: trained on 143 pairs (2x256), val=0.00114
    screen_model: saved -> screen_model

[state] nrem → wake (fatigue=0.00 hour=12.89999999999891)

[state] wake → drowsy (fatigue=0.01 hour=13.099999999998909)

[state] drowsy → nrem (fatigue=0.02 hour=13.299999999998908)

[nrem] bout starts (cycle 1)
  consolidator: 11 candidate(s), 7 cluster(s), 0 eligible
    forward_model: only 3 triples (< 40); skipping
  screen_model[mlx]: trained on 143 pairs (2x256), val=0.00114
    screen_model: saved -> screen_model

[state] nrem → wake (fatigue=0.00 hour=14.499999999998904)

[state] wake → drowsy (fatigue=0.01 hour=14.699999999998903)

[state] drowsy → nrem (fatigue=0.02 hour=14.899999999998903)

[nrem] bout starts (cycle 1)
  consolidator: 11 candidate(s), 7 cluster(s), 0 eligible
    forward_model: only 3 triples (< 40); skipping
  screen_model[mlx]: trained on 143 pairs (2x256), val=0.00114
    screen_model: saved -> screen_model

[state] nrem → wake (fatigue=0.00 hour=16.0999999999989)

[state] wake → drowsy (fatigue=0.01 hour=16.2999999999989)

[state] drowsy → nrem (fatigue=0.02 hour=16.4999999999989)

[nrem] bout starts (cycle 1)
  consolidator: 11 candidate(s), 7 cluster(s), 0 eligible
    forward_model: only 3 triples (< 40); skipping
  screen_model[mlx]: trained on 143 pairs (2x256), val=0.00114
    screen_model: saved -> screen_model

[state] nrem → wake (fatigue=0.00 hour=17.699999999998894)

[state] wake → drowsy (fatigue=0.01 hour=17.899999999998894)

[state] drowsy → nrem (fatigue=0.02 hour=18.099999999998893)

[nrem] bout starts (cycle 1)
  consolidator: 11 candidate(s), 7 cluster(s), 0 eligible
    forward_model: only 3 triples (< 40); skipping
  screen_model[mlx]: trained on 143 pairs (2x256), val=0.00114
    screen_model: saved -> screen_model

[state] nrem → wake (fatigue=0.00 hour=19.29999999999889)

[state] wake → drowsy (fatigue=0.01 hour=19.499999999998888)

[state] drowsy → nrem (fatigue=0.02 hour=19.699999999998887)

[nrem] bout starts (cycle 1)
  consolidator: 11 candidate(s), 7 cluster(s), 0 eligible
    forward_model: only 3 triples (< 40); skipping
  screen_model[mlx]: trained on 143 pairs (2x256), val=0.00114
    screen_model: saved -> screen_model

[state] nrem → wake (fatigue=0.00 hour=20.899999999998883)

[state] wake → drowsy (fatigue=0.01 hour=21.099999999998882)

[state] drowsy → nrem (fatigue=0.02 hour=21.29999999999888)

[nrem] bout starts (cycle 1)
  consolidator: 11 candidate(s), 7 cluster(s), 0 eligible
    forward_model: only 3 triples (< 40); skipping
  screen_model[mlx]: trained on 143 pairs (2x256), val=0.00114
    screen_model: saved -> screen_model

[state] nrem → wake (fatigue=0.00 hour=22.499999999998877)

[state] wake → drowsy (fatigue=0.01 hour=22.699999999998877)

[state] drowsy → nrem (fatigue=0.02 hour=22.899999999998876)

[nrem] bout starts (cycle 1)
  consolidator: 11 candidate(s), 7 cluster(s), 0 eligible
    forward_model: only 3 triples (< 40); skipping
  screen_model[mlx]: trained on 143 pairs (2x256), val=0.00114
    screen_model: saved -> screen_model

[state] nrem → wake (fatigue=0.00 hour=0.09999999999887166)

[state] wake → drowsy (fatigue=0.01 hour=0.29999999999887167)

[state] drowsy → nrem (fatigue=0.02 hour=0.4999999999988717)

[nrem] bout starts (cycle 1)
  consolidator: 11 candidate(s), 7 cluster(s), 0 eligible
    forward_model: only 3 triples (< 40); skipping
  screen_model[mlx]: trained on 143 pairs (2x256), val=0.00114
    screen_model: saved -> screen_model

[state] nrem → wake (fatigue=0.00 hour=1.6999999999988715)

[state] wake → drowsy (fatigue=0.01 hour=1.8999999999988715)

[state] drowsy → nrem (fatigue=0.02 hour=2.0999999999988717)

[nrem] bout starts (cycle 1)
  consolidator: 11 candidate(s), 7 cluster(s), 0 eligible
    forward_model: only 3 triples (< 40); skipping
  screen_model[mlx]: trained on 143 pairs (2x256), val=0.00114
    screen_model: saved -> screen_model

[state] nrem → wake (fatigue=0.00 hour=3.2999999999988727)

[state] wake → drowsy (fatigue=0.01 hour=3.499999999998873)

[state] drowsy → nrem (fatigue=0.02 hour=3.699999999998873)

[nrem] bout starts (cycle 1)
  consolidator: 11 candidate(s), 7 cluster(s), 0 eligible
    forward_model: only 3 triples (< 40); skipping
  screen_model[mlx]: trained on 143 pairs (2x256), val=0.00114
    screen_model: saved -> screen_model

[state] nrem → wake (fatigue=0.00 hour=4.899999999998874)

[state] wake → drowsy (fatigue=0.01 hour=5.099999999998874)

[state] drowsy → nrem (fatigue=0.02 hour=5.2999999999988745)

[nrem] bout starts (cycle 1)
  consolidator: 11 candidate(s), 7 cluster(s), 0 eligible
    forward_model: only 3 triples (< 40); skipping
  screen_model[mlx]: trained on 143 pairs (2x256), val=0.00114
    screen_model: saved -> screen_model

[state] nrem → wake (fatigue=0.00 hour=6.499999999998876)

[state] wake → drowsy (fatigue=0.01 hour=6.699999999998876)

[state] drowsy → nrem (fatigue=0.02 hour=6.899999999998876)

[nrem] bout starts (cycle 1)
  consolidator: 11 candidate(s), 7 cluster(s), 0 eligible
    forward_model: only 3 triples (< 40); skipping
  screen_model[mlx]: trained on 143 pairs (2x256), val=0.00114
    screen_model: saved -> screen_model

[state] nrem → wake (fatigue=0.00 hour=8.099999999998877)

[state] wake → drowsy (fatigue=0.01 hour=8.299999999998876)

[state] drowsy → nrem (fatigue=0.02 hour=8.499999999998876)

[nrem] bout starts (cycle 1)
  consolidator: 11 candidate(s), 7 cluster(s), 0 eligible
    forward_model: only 3 triples (< 40); skipping
  screen_model[mlx]: trained on 143 pairs (2x256), val=0.00114
    screen_model: saved -> screen_model

[state] nrem → wake (fatigue=0.00 hour=9.699999999998871)

[state] wake → drowsy (fatigue=0.01 hour=9.89999999999887)

[state] drowsy → nrem (fatigue=0.02 hour=10.09999999999887)

[nrem] bout starts (cycle 1)
  consolidator: 11 candidate(s), 7 cluster(s), 0 eligible
    forward_model: only 3 triples (< 40); skipping
  screen_model[mlx]: trained on 143 pairs (2x256), val=0.00114
    screen_model: saved -> screen_model

[state] nrem → wake (fatigue=0.00 hour=11.299999999998866)

[state] wake → drowsy (fatigue=0.01 hour=11.499999999998865)

[state] drowsy → nrem (fatigue=0.02 hour=11.699999999998864)

[nrem] bout starts (cycle 1)
  consolidator: 11 candidate(s), 7 cluster(s), 0 eligible
    forward_model: only 3 triples (< 40); skipping
  screen_model[mlx]: trained on 143 pairs (2x256), val=0.00114
    screen_model: saved -> screen_model

[state] nrem → wake (fatigue=0.00 hour=12.89999999999886)

[state] wake → drowsy (fatigue=0.01 hour=13.09999999999886)

[state] drowsy → nrem (fatigue=0.02 hour=13.299999999998859)

[nrem] bout starts (cycle 1)
  consolidator: 11 candidate(s), 7 cluster(s), 0 eligible
    forward_model: only 3 triples (< 40); skipping
  screen_model[mlx]: trained on 143 pairs (2x256), val=0.00114
    screen_model: saved -> screen_model

[state] nrem → wake (fatigue=0.00 hour=14.499999999998854)

[state] wake → drowsy (fatigue=0.01 hour=14.699999999998854)

[state] drowsy → nrem (fatigue=0.02 hour=14.899999999998853)

[nrem] bout starts (cycle 1)
  consolidator: 11 candidate(s), 7 cluster(s), 0 eligible
    forward_model: only 3 triples (< 40); skipping
  screen_model[mlx]: trained on 143 pairs (2x256), val=0.00114
    screen_model: saved -> screen_model

[state] nrem → wake (fatigue=0.00 hour=16.09999999999885)

[state] wake → drowsy (fatigue=0.01 hour=16.29999999999885)

[state] drowsy → nrem (fatigue=0.02 hour=16.49999999999885)

[nrem] bout starts (cycle 1)
  consolidator: 11 candidate(s), 7 cluster(s), 0 eligible
    forward_model: only 3 triples (< 40); skipping
  screen_model[mlx]: trained on 143 pairs (2x256), val=0.00114
    screen_model: saved -> screen_model

[state] nrem → wake (fatigue=0.00 hour=17.699999999998845)

[state] wake → drowsy (fatigue=0.01 hour=17.899999999998844)

[state] drowsy → nrem (fatigue=0.02 hour=18.099999999998843)

[nrem] bout starts (cycle 1)
  consolidator: 11 candidate(s), 7 cluster(s), 0 eligible
    forward_model: only 3 triples (< 40); skipping
  screen_model[mlx]: trained on 143 pairs (2x256), val=0.00114
    screen_model: saved -> screen_model

[state] nrem → wake (fatigue=0.00 hour=19.29999999999884)

[state] wake → drowsy (fatigue=0.01 hour=19.49999999999884)

[state] drowsy → nrem (fatigue=0.02 hour=19.699999999998838)

[nrem] bout starts (cycle 1)
  consolidator: 11 candidate(s), 7 cluster(s), 0 eligible
    forward_model: only 3 triples (< 40); skipping
  screen_model[mlx]: trained on 143 pairs (2x256), val=0.00114
    screen_model: saved -> screen_model

[state] nrem → wake (fatigue=0.00 hour=20.899999999998833)

[state] wake → drowsy (fatigue=0.01 hour=21.099999999998833)

[state] drowsy → nrem (fatigue=0.02 hour=21.299999999998832)

[nrem] bout starts (cycle 1)
  consolidator: 11 candidate(s), 7 cluster(s), 0 eligible
    forward_model: only 3 triples (< 40); skipping
  screen_model[mlx]: trained on 143 pairs (2x256), val=0.00114
    screen_model: saved -> screen_model

[state] nrem → wake (fatigue=0.00 hour=22.499999999998828)

[state] wake → drowsy (fatigue=0.01 hour=22.699999999998827)

[state] drowsy → nrem (fatigue=0.02 hour=22.899999999998826)

[nrem] bout starts (cycle 1)
  consolidator: 11 candidate(s), 7 cluster(s), 0 eligible
    forward_model: only 3 triples (< 40); skipping
  screen_model[mlx]: trained on 143 pairs (2x256), val=0.00114
    screen_model: saved -> screen_model

[state] nrem → wake (fatigue=0.00 hour=0.09999999999882192)

[state] wake → drowsy (fatigue=0.01 hour=0.29999999999882193)

[state] drowsy → nrem (fatigue=0.02 hour=0.49999999999882194)

[nrem] bout starts (cycle 1)
  consolidator: 11 candidate(s), 7 cluster(s), 0 eligible
    forward_model: only 3 triples (< 40); skipping
  screen_model[mlx]: trained on 143 pairs (2x256), val=0.00114
    screen_model: saved -> screen_model

[state] nrem → wake (fatigue=0.00 hour=1.6999999999988218)

[state] wake → drowsy (fatigue=0.01 hour=1.8999999999988217)

[state] drowsy → nrem (fatigue=0.02 hour=2.099999999998822)

[nrem] bout starts (cycle 1)
  consolidator: 11 candidate(s), 7 cluster(s), 0 eligible
    forward_model: only 3 triples (< 40); skipping
  screen_model[mlx]: trained on 143 pairs (2x256), val=0.00114
    screen_model: saved -> screen_model

[state] nrem → wake (fatigue=0.00 hour=3.299999999998823)

[state] wake → drowsy (fatigue=0.01 hour=3.499999999998823)

[state] drowsy → nrem (fatigue=0.02 hour=3.6999999999988233)

[nrem] bout starts (cycle 1)
  consolidator: 11 candidate(s), 7 cluster(s), 0 eligible
    forward_model: only 3 triples (< 40); skipping
  screen_model[mlx]: trained on 143 pairs (2x256), val=0.00114
    screen_model: saved -> screen_model

[state] nrem → wake (fatigue=0.00 hour=4.899999999998824)

[state] wake → drowsy (fatigue=0.01 hour=5.099999999998825)

[state] drowsy → nrem (fatigue=0.02 hour=5.299999999998825)

[nrem] bout starts (cycle 1)
  consolidator: 11 candidate(s), 7 cluster(s), 0 eligible
    forward_model: only 3 triples (< 40); skipping
  screen_model[mlx]: trained on 143 pairs (2x256), val=0.00114
    screen_model: saved -> screen_model

[state] nrem → wake (fatigue=0.00 hour=6.499999999998826)

[state] wake → drowsy (fatigue=0.01 hour=6.699999999998826)

[state] drowsy → nrem (fatigue=0.02 hour=6.899999999998826)

[nrem] bout starts (cycle 1)
  consolidator: 11 candidate(s), 7 cluster(s), 0 eligible
    forward_model: only 3 triples (< 40); skipping
  screen_model[mlx]: trained on 143 pairs (2x256), val=0.00114
    screen_model: saved -> screen_model

[state] nrem → wake (fatigue=0.00 hour=8.099999999998827)

[state] wake → drowsy (fatigue=0.01 hour=8.299999999998827)

[state] drowsy → nrem (fatigue=0.02 hour=8.499999999998826)

[nrem] bout starts (cycle 1)
  consolidator: 11 candidate(s), 7 cluster(s), 0 eligible
    forward_model: only 3 triples (< 40); skipping
  screen_model[mlx]: trained on 143 pairs (2x256), val=0.00114
    screen_model: saved -> screen_model

[state] nrem → wake (fatigue=0.00 hour=9.699999999998822)

[state] wake → drowsy (fatigue=0.01 hour=9.89999999999882)

[state] drowsy → nrem (fatigue=0.02 hour=10.09999999999882)

[nrem] bout starts (cycle 1)
  consolidator: 11 candidate(s), 7 cluster(s), 0 eligible
    forward_model: only 3 triples (< 40); skipping
  screen_model[mlx]: trained on 143 pairs (2x256), val=0.00114
    screen_model: saved -> screen_model

[state] nrem → wake (fatigue=0.00 hour=11.299999999998816)

[state] wake → drowsy (fatigue=0.01 hour=11.499999999998815)

[state] drowsy → nrem (fatigue=0.02 hour=11.699999999998814)

[nrem] bout starts (cycle 1)
  consolidator: 11 candidate(s), 7 cluster(s), 0 eligible
    forward_model: only 3 triples (< 40); skipping
  screen_model[mlx]: trained on 143 pairs (2x256), val=0.00114
    screen_model: saved -> screen_model

[state] nrem → wake (fatigue=0.00 hour=12.89999999999881)

[state] wake → drowsy (fatigue=0.01 hour=13.09999999999881)

[state] drowsy → nrem (fatigue=0.02 hour=13.299999999998809)

[nrem] bout starts (cycle 1)
  consolidator: 11 candidate(s), 7 cluster(s), 0 eligible
    forward_model: only 3 triples (< 40); skipping
  screen_model[mlx]: trained on 143 pairs (2x256), val=0.00114
    screen_model: saved -> screen_model

[state] nrem → wake (fatigue=0.00 hour=14.499999999998805)

[state] wake → drowsy (fatigue=0.01 hour=14.699999999998804)

[state] drowsy → nrem (fatigue=0.02 hour=14.899999999998803)

[nrem] bout starts (cycle 1)
  consolidator: 11 candidate(s), 7 cluster(s), 0 eligible
    forward_model: only 3 triples (< 40); skipping
  screen_model[mlx]: trained on 143 pairs (2x256), val=0.00114
    screen_model: saved -> screen_model

[state] nrem → wake (fatigue=0.00 hour=16.0999999999988)

[state] wake → drowsy (fatigue=0.01 hour=16.2999999999988)

[state] drowsy → nrem (fatigue=0.02 hour=16.4999999999988)

[nrem] bout starts (cycle 1)
  consolidator: 11 candidate(s), 7 cluster(s), 0 eligible
    forward_model: only 3 triples (< 40); skipping
  screen_model[mlx]: trained on 143 pairs (2x256), val=0.00114
    screen_model: saved -> screen_model

[state] nrem → wake (fatigue=0.00 hour=17.699999999998795)

[state] wake → drowsy (fatigue=0.01 hour=17.899999999998794)

[state] drowsy → nrem (fatigue=0.02 hour=18.099999999998793)

[nrem] bout starts (cycle 1)
  consolidator: 11 candidate(s), 7 cluster(s), 0 eligible
    forward_model: only 3 triples (< 40); skipping
  screen_model[mlx]: trained on 143 pairs (2x256), val=0.00114
    screen_model: saved -> screen_model

[state] nrem → wake (fatigue=0.00 hour=19.29999999999879)

[state] wake → drowsy (fatigue=0.01 hour=19.49999999999879)

[state] drowsy → nrem (fatigue=0.02 hour=19.699999999998788)

[nrem] bout starts (cycle 1)
  consolidator: 11 candidate(s), 7 cluster(s), 0 eligible
    forward_model: only 3 triples (< 40); skipping
  screen_model[mlx]: trained on 143 pairs (2x256), val=0.00114
    screen_model: saved -> screen_model

[state] nrem → wake (fatigue=0.00 hour=20.899999999998784)

[state] wake → drowsy (fatigue=0.01 hour=21.099999999998783)

[state] drowsy → nrem (fatigue=0.02 hour=21.299999999998782)

[nrem] bout starts (cycle 1)
  consolidator: 11 candidate(s), 7 cluster(s), 0 eligible
    forward_model: only 3 triples (< 40); skipping
  screen_model[mlx]: trained on 143 pairs (2x256), val=0.00114
    screen_model: saved -> screen_model

[state] nrem → wake (fatigue=0.00 hour=22.499999999998778)

[state] wake → drowsy (fatigue=0.01 hour=22.699999999998777)

[state] drowsy → nrem (fatigue=0.02 hour=22.899999999998776)

[nrem] bout starts (cycle 1)
  consolidator: 11 candidate(s), 7 cluster(s), 0 eligible
    forward_model: only 3 triples (< 40); skipping
  screen_model[mlx]: trained on 143 pairs (2x256), val=0.00114
    screen_model: saved -> screen_model

[state] nrem → wake (fatigue=0.00 hour=0.09999999999877218)

[state] wake → drowsy (fatigue=0.01 hour=0.2999999999987722)

[state] drowsy → nrem (fatigue=0.02 hour=0.4999999999987722)

[nrem] bout starts (cycle 1)
  consolidator: 11 candidate(s), 7 cluster(s), 0 eligible
    forward_model: only 3 triples (< 40); skipping
  screen_model[mlx]: trained on 143 pairs (2x256), val=0.00114
    screen_model: saved -> screen_model

[state] nrem → wake (fatigue=0.00 hour=1.699999999998772)

[state] wake → drowsy (fatigue=0.01 hour=1.899999999998772)

[state] drowsy → nrem (fatigue=0.02 hour=2.099999999998772)

[nrem] bout starts (cycle 1)
  consolidator: 11 candidate(s), 7 cluster(s), 0 eligible
    forward_model: only 3 triples (< 40); skipping
  screen_model[mlx]: trained on 143 pairs (2x256), val=0.00114
    screen_model: saved -> screen_model

[state] nrem → wake (fatigue=0.00 hour=3.2999999999987732)

[state] wake → drowsy (fatigue=0.01 hour=3.4999999999987734)

[state] drowsy → nrem (fatigue=0.02 hour=3.6999999999987736)

[nrem] bout starts (cycle 1)
  consolidator: 11 candidate(s), 7 cluster(s), 0 eligible
    forward_model: only 3 triples (< 40); skipping
  screen_model[mlx]: trained on 143 pairs (2x256), val=0.00114
    screen_model: saved -> screen_model

[state] nrem → wake (fatigue=0.00 hour=4.899999999998775)

[state] wake → drowsy (fatigue=0.01 hour=5.099999999998775)

[state] drowsy → nrem (fatigue=0.02 hour=5.299999999998775)

[nrem] bout starts (cycle 1)
  consolidator: 11 candidate(s), 7 cluster(s), 0 eligible
    forward_model: only 3 triples (< 40); skipping
  screen_model[mlx]: trained on 143 pairs (2x256), val=0.00114
    screen_model: saved -> screen_model

[state] nrem → wake (fatigue=0.00 hour=6.499999999998776)

[state] wake → drowsy (fatigue=0.01 hour=6.699999999998776)

[state] drowsy → nrem (fatigue=0.02 hour=6.8999999999987764)

[nrem] bout starts (cycle 1)
  consolidator: 11 candidate(s), 7 cluster(s), 0 eligible
    forward_model: only 3 triples (< 40); skipping
  screen_model[mlx]: trained on 143 pairs (2x256), val=0.00114
    screen_model: saved -> screen_model

[state] nrem → wake (fatigue=0.00 hour=8.099999999998778)

[state] wake → drowsy (fatigue=0.01 hour=8.299999999998777)

[state] drowsy → nrem (fatigue=0.02 hour=8.499999999998776)

[nrem] bout starts (cycle 1)
  consolidator: 11 candidate(s), 7 cluster(s), 0 eligible
    forward_model: only 3 triples (< 40); skipping
  screen_model[mlx]: trained on 143 pairs (2x256), val=0.00114
    screen_model: saved -> screen_model

[state] nrem → wake (fatigue=0.00 hour=9.699999999998772)

[state] wake → drowsy (fatigue=0.01 hour=9.899999999998771)

[state] drowsy → nrem (fatigue=0.02 hour=10.09999999999877)

[nrem] bout starts (cycle 1)
  consolidator: 11 candidate(s), 7 cluster(s), 0 eligible
    forward_model: only 3 triples (< 40); skipping
  screen_model[mlx]: trained on 143 pairs (2x256), val=0.00114
    screen_model: saved -> screen_model

[state] nrem → wake (fatigue=0.00 hour=11.299999999998766)

[state] wake → drowsy (fatigue=0.01 hour=11.499999999998765)

[state] drowsy → nrem (fatigue=0.02 hour=11.699999999998765)

[nrem] bout starts (cycle 1)
  consolidator: 11 candidate(s), 7 cluster(s), 0 eligible
    forward_model: only 3 triples (< 40); skipping
  screen_model[mlx]: trained on 143 pairs (2x256), val=0.00114
    screen_model: saved -> screen_model

[state] nrem → wake (fatigue=0.00 hour=12.89999999999876)

[state] wake → drowsy (fatigue=0.01 hour=13.09999999999876)

[state] drowsy → nrem (fatigue=0.02 hour=13.299999999998759)

[nrem] bout starts (cycle 1)
  consolidator: 11 candidate(s), 7 cluster(s), 0 eligible
    forward_model: only 3 triples (< 40); skipping
  screen_model[mlx]: trained on 143 pairs (2x256), val=0.00114
    screen_model: saved -> screen_model

[state] nrem → wake (fatigue=0.00 hour=14.499999999998755)

[state] wake → drowsy (fatigue=0.01 hour=14.699999999998754)

[state] drowsy → nrem (fatigue=0.02 hour=14.899999999998753)

[nrem] bout starts (cycle 1)
  consolidator: 11 candidate(s), 7 cluster(s), 0 eligible
    forward_model: only 3 triples (< 40); skipping
  screen_model[mlx]: trained on 143 pairs (2x256), val=0.00114
    screen_model: saved -> screen_model

[state] nrem → wake (fatigue=0.00 hour=16.09999999999875)

[state] wake → drowsy (fatigue=0.01 hour=16.29999999999875)

[state] drowsy → nrem (fatigue=0.02 hour=16.49999999999875)

[nrem] bout starts (cycle 1)
  consolidator: 11 candidate(s), 7 cluster(s), 0 eligible
    forward_model: only 3 triples (< 40); skipping
  screen_model[mlx]: trained on 143 pairs (2x256), val=0.00114
    screen_model: saved -> screen_model

[state] nrem → wake (fatigue=0.00 hour=17.699999999998745)

[state] wake → drowsy (fatigue=0.01 hour=17.899999999998744)

[state] drowsy → nrem (fatigue=0.02 hour=18.099999999998744)

[nrem] bout starts (cycle 1)
  consolidator: 11 candidate(s), 7 cluster(s), 0 eligible
    forward_model: only 3 triples (< 40); skipping
  screen_model[mlx]: trained on 143 pairs (2x256), val=0.00114
    screen_model: saved -> screen_model

[state] nrem → wake (fatigue=0.00 hour=19.29999999999874)

[state] wake → drowsy (fatigue=0.01 hour=19.49999999999874)

[state] drowsy → nrem (fatigue=0.02 hour=19.699999999998738)

[nrem] bout starts (cycle 1)
  consolidator: 11 candidate(s), 7 cluster(s), 0 eligible
    forward_model: only 3 triples (< 40); skipping
  screen_model[mlx]: trained on 143 pairs (2x256), val=0.00114
    screen_model: saved -> screen_model

[state] nrem → wake (fatigue=0.00 hour=20.899999999998734)

[state] wake → drowsy (fatigue=0.01 hour=21.099999999998733)

[state] drowsy → nrem (fatigue=0.02 hour=21.299999999998732)

[nrem] bout starts (cycle 1)
  consolidator: 11 candidate(s), 7 cluster(s), 0 eligible
    forward_model: only 3 triples (< 40); skipping
  screen_model[mlx]: trained on 143 pairs (2x256), val=0.00114
    screen_model: saved -> screen_model

[state] nrem → wake (fatigue=0.00 hour=22.499999999998728)

[state] wake → drowsy (fatigue=0.01 hour=22.699999999998727)

[state] drowsy → nrem (fatigue=0.02 hour=22.899999999998727)

[nrem] bout starts (cycle 1)
  consolidator: 11 candidate(s), 7 cluster(s), 0 eligible
    forward_model: only 3 triples (< 40); skipping
  screen_model[mlx]: trained on 143 pairs (2x256), val=0.00114
    screen_model: saved -> screen_model

[state] nrem → wake (fatigue=0.00 hour=0.09999999999872244)

[state] wake → drowsy (fatigue=0.01 hour=0.29999999999872246)

[state] drowsy → nrem (fatigue=0.02 hour=0.49999999999872247)

[nrem] bout starts (cycle 1)
  consolidator: 11 candidate(s), 7 cluster(s), 0 eligible
    forward_model: only 3 triples (< 40); skipping
  screen_model[mlx]: trained on 143 pairs (2x256), val=0.00114
    screen_model: saved -> screen_model

[state] nrem → wake (fatigue=0.00 hour=1.6999999999987223)

[state] wake → drowsy (fatigue=0.01 hour=1.8999999999987223)

[state] drowsy → nrem (fatigue=0.02 hour=2.0999999999987224)

[nrem] bout starts (cycle 1)
  consolidator: 11 candidate(s), 7 cluster(s), 0 eligible
    forward_model: only 3 triples (< 40); skipping
  screen_model[mlx]: trained on 143 pairs (2x256), val=0.00114
    screen_model: saved -> screen_model

[state] nrem → wake (fatigue=0.00 hour=3.2999999999987235)

[state] wake → drowsy (fatigue=0.01 hour=3.4999999999987237)

[state] drowsy → nrem (fatigue=0.02 hour=3.699999999998724)

[nrem] bout starts (cycle 1)
  consolidator: 11 candidate(s), 7 cluster(s), 0 eligible
    forward_model: only 3 triples (< 40); skipping
  screen_model[mlx]: trained on 143 pairs (2x256), val=0.00114
    screen_model: saved -> screen_model

[state] nrem → wake (fatigue=0.00 hour=4.899999999998725)

[state] wake → drowsy (fatigue=0.01 hour=5.099999999998725)

[state] drowsy → nrem (fatigue=0.02 hour=5.299999999998725)

[nrem] bout starts (cycle 1)
  consolidator: 11 candidate(s), 7 cluster(s), 0 eligible
    forward_model: only 3 triples (< 40); skipping
  screen_model[mlx]: trained on 143 pairs (2x256), val=0.00114
    screen_model: saved -> screen_model

[state] nrem → wake (fatigue=0.00 hour=6.499999999998726)

[state] wake → drowsy (fatigue=0.01 hour=6.6999999999987265)

[state] drowsy → nrem (fatigue=0.02 hour=6.899999999998727)

[nrem] bout starts (cycle 1)
  consolidator: 11 candidate(s), 7 cluster(s), 0 eligible
    forward_model: only 3 triples (< 40); skipping
  screen_model[mlx]: trained on 143 pairs (2x256), val=0.00114
    screen_model: saved -> screen_model

[state] nrem → wake (fatigue=0.00 hour=8.099999999998728)

[state] wake → drowsy (fatigue=0.01 hour=8.299999999998727)

[state] drowsy → nrem (fatigue=0.02 hour=8.499999999998726)

[nrem] bout starts (cycle 1)
  consolidator: 11 candidate(s), 7 cluster(s), 0 eligible
    forward_model: only 3 triples (< 40); skipping
  screen_model[mlx]: trained on 143 pairs (2x256), val=0.00114
    screen_model: saved -> screen_model

[state] nrem → wake (fatigue=0.00 hour=9.699999999998722)

[state] wake → drowsy (fatigue=0.01 hour=9.899999999998721)

[state] drowsy → nrem (fatigue=0.02 hour=10.09999999999872)

[nrem] bout starts (cycle 1)
  consolidator: 11 candidate(s), 7 cluster(s), 0 eligible
    forward_model: only 3 triples (< 40); skipping
  screen_model[mlx]: trained on 143 pairs (2x256), val=0.00114
    screen_model: saved -> screen_model

[state] nrem → wake (fatigue=0.00 hour=11.299999999998716)

[state] wake → drowsy (fatigue=0.01 hour=11.499999999998716)

[state] drowsy → nrem (fatigue=0.02 hour=11.699999999998715)

[nrem] bout starts (cycle 1)
  consolidator: 11 candidate(s), 7 cluster(s), 0 eligible
    forward_model: only 3 triples (< 40); skipping
  screen_model[mlx]: trained on 143 pairs (2x256), val=0.00114
    screen_model: saved -> screen_model

[state] nrem → wake (fatigue=0.00 hour=12.89999999999871)

[state] wake → drowsy (fatigue=0.01 hour=13.09999999999871)

[state] drowsy → nrem (fatigue=0.02 hour=13.29999999999871)

[nrem] bout starts (cycle 1)
  consolidator: 11 candidate(s), 7 cluster(s), 0 eligible
    forward_model: only 3 triples (< 40); skipping
  screen_model[mlx]: trained on 143 pairs (2x256), val=0.00114
    screen_model: saved -> screen_model

[state] nrem → wake (fatigue=0.00 hour=14.499999999998705)

[state] wake → drowsy (fatigue=0.01 hour=14.699999999998704)

[state] drowsy → nrem (fatigue=0.02 hour=14.899999999998704)

[nrem] bout starts (cycle 1)
  consolidator: 11 candidate(s), 7 cluster(s), 0 eligible
    forward_model: only 3 triples (< 40); skipping
  screen_model[mlx]: trained on 143 pairs (2x256), val=0.00114
    screen_model: saved -> screen_model

[state] nrem → wake (fatigue=0.00 hour=16.0999999999987)

[state] wake → drowsy (fatigue=0.01 hour=16.2999999999987)

[state] drowsy → nrem (fatigue=0.02 hour=16.4999999999987)

[nrem] bout starts (cycle 1)
  consolidator: 11 candidate(s), 7 cluster(s), 0 eligible
    forward_model: only 3 triples (< 40); skipping
  screen_model[mlx]: trained on 143 pairs (2x256), val=0.00114
    screen_model: saved -> screen_model

[state] nrem → wake (fatigue=0.00 hour=17.699999999998695)

[state] wake → drowsy (fatigue=0.01 hour=17.899999999998695)

[state] drowsy → nrem (fatigue=0.02 hour=18.099999999998694)

[nrem] bout starts (cycle 1)
  consolidator: 11 candidate(s), 7 cluster(s), 0 eligible
    forward_model: only 3 triples (< 40); skipping
  screen_model[mlx]: trained on 143 pairs (2x256), val=0.00114
    screen_model: saved -> screen_model

[state] nrem → wake (fatigue=0.00 hour=19.29999999999869)

[state] wake → drowsy (fatigue=0.01 hour=19.49999999999869)

[state] drowsy → nrem (fatigue=0.02 hour=19.69999999999869)

[nrem] bout starts (cycle 1)
  consolidator: 11 candidate(s), 7 cluster(s), 0 eligible
    forward_model: only 3 triples (< 40); skipping
  screen_model[mlx]: trained on 143 pairs (2x256), val=0.00114
    screen_model: saved -> screen_model

[state] nrem → wake (fatigue=0.00 hour=20.899999999998684)

[state] wake → drowsy (fatigue=0.01 hour=21.099999999998683)

[state] drowsy → nrem (fatigue=0.02 hour=21.299999999998683)

[nrem] bout starts (cycle 1)
  consolidator: 11 candidate(s), 7 cluster(s), 0 eligible
    forward_model: only 3 triples (< 40); skipping
  screen_model[mlx]: trained on 143 pairs (2x256), val=0.00114
    screen_model: saved -> screen_model

[state] nrem → wake (fatigue=0.00 hour=22.49999999999868)

[state] wake → drowsy (fatigue=0.01 hour=22.699999999998678)

[state] drowsy → nrem (fatigue=0.02 hour=22.899999999998677)

[nrem] bout starts (cycle 1)
  consolidator: 11 candidate(s), 7 cluster(s), 0 eligible
    forward_model: only 3 triples (< 40); skipping
  screen_model[mlx]: trained on 143 pairs (2x256), val=0.00114
    screen_model: saved -> screen_model

[state] nrem → wake (fatigue=0.00 hour=0.0999999999986727)

[state] wake → drowsy (fatigue=0.01 hour=0.2999999999986727)

[state] drowsy → nrem (fatigue=0.02 hour=0.49999999999867273)

[nrem] bout starts (cycle 1)
  consolidator: 11 candidate(s), 7 cluster(s), 0 eligible
    forward_model: only 3 triples (< 40); skipping
  screen_model[mlx]: trained on 143 pairs (2x256), val=0.00114
    screen_model: saved -> screen_model

[state] nrem → wake (fatigue=0.00 hour=1.6999999999986726)

[state] wake → drowsy (fatigue=0.01 hour=1.8999999999986725)

[state] drowsy → nrem (fatigue=0.02 hour=2.0999999999986727)

[nrem] bout starts (cycle 1)
  consolidator: 11 candidate(s), 7 cluster(s), 0 eligible
    forward_model: only 3 triples (< 40); skipping
  screen_model[mlx]: trained on 143 pairs (2x256), val=0.00114
    screen_model: saved -> screen_model

[state] nrem → wake (fatigue=0.00 hour=3.2999999999986738)

[state] wake → drowsy (fatigue=0.01 hour=3.499999999998674)

[state] drowsy → nrem (fatigue=0.02 hour=3.699999999998674)

[nrem] bout starts (cycle 1)
  consolidator: 11 candidate(s), 7 cluster(s), 0 eligible
    forward_model: only 3 triples (< 40); skipping
  screen_model[mlx]: trained on 143 pairs (2x256), val=0.00114
    screen_model: saved -> screen_model

[state] nrem → wake (fatigue=0.00 hour=4.899999999998675)

[state] wake → drowsy (fatigue=0.01 hour=5.099999999998675)

[state] drowsy → nrem (fatigue=0.02 hour=5.2999999999986755)

[nrem] bout starts (cycle 1)
  consolidator: 11 candidate(s), 7 cluster(s), 0 eligible
    forward_model: only 3 triples (< 40); skipping
  screen_model[mlx]: trained on 143 pairs (2x256), val=0.00114
    screen_model: saved -> screen_model

[state] nrem → wake (fatigue=0.00 hour=6.499999999998677)

[state] wake → drowsy (fatigue=0.01 hour=6.699999999998677)

[state] drowsy → nrem (fatigue=0.02 hour=6.899999999998677)

[nrem] bout starts (cycle 1)
  consolidator: 11 candidate(s), 7 cluster(s), 0 eligible
    forward_model: only 3 triples (< 40); skipping
  screen_model[mlx]: trained on 143 pairs (2x256), val=0.00114
    screen_model: saved -> screen_model

[state] nrem → wake (fatigue=0.00 hour=8.099999999998678)

[state] wake → drowsy (fatigue=0.01 hour=8.299999999998677)

[state] drowsy → nrem (fatigue=0.02 hour=8.499999999998677)

[nrem] bout starts (cycle 1)
  consolidator: 11 candidate(s), 7 cluster(s), 0 eligible
    forward_model: only 3 triples (< 40); skipping
  screen_model[mlx]: trained on 143 pairs (2x256), val=0.00114
    screen_model: saved -> screen_model

[state] nrem → wake (fatigue=0.00 hour=9.699999999998672)

[state] wake → drowsy (fatigue=0.01 hour=9.899999999998672)

[state] drowsy → nrem (fatigue=0.02 hour=10.099999999998671)

[nrem] bout starts (cycle 1)
  consolidator: 11 candidate(s), 7 cluster(s), 0 eligible
    forward_model: only 3 triples (< 40); skipping
  screen_model[mlx]: trained on 143 pairs (2x256), val=0.00114
    screen_model: saved -> screen_model

[state] nrem → wake (fatigue=0.00 hour=11.299999999998667)

[state] wake → drowsy (fatigue=0.01 hour=11.499999999998666)

[state] drowsy → nrem (fatigue=0.02 hour=11.699999999998665)

[nrem] bout starts (cycle 1)
  consolidator: 11 candidate(s), 7 cluster(s), 0 eligible
    forward_model: only 3 triples (< 40); skipping
  screen_model[mlx]: trained on 143 pairs (2x256), val=0.00114
    screen_model: saved -> screen_model

[state] nrem → wake (fatigue=0.00 hour=12.899999999998661)

[state] wake → drowsy (fatigue=0.01 hour=13.09999999999866)

[state] drowsy → nrem (fatigue=0.02 hour=13.29999999999866)

[nrem] bout starts (cycle 1)
  consolidator: 11 candidate(s), 7 cluster(s), 0 eligible
    forward_model: only 3 triples (< 40); skipping
  screen_model[mlx]: trained on 143 pairs (2x256), val=0.00114
    screen_model: saved -> screen_model

[state] nrem → wake (fatigue=0.00 hour=14.499999999998655)

[state] wake → drowsy (fatigue=0.01 hour=14.699999999998655)

[state] drowsy → nrem (fatigue=0.02 hour=14.899999999998654)

[nrem] bout starts (cycle 1)
  consolidator: 11 candidate(s), 7 cluster(s), 0 eligible
    forward_model: only 3 triples (< 40); skipping
  screen_model[mlx]: trained on 143 pairs (2x256), val=0.00114
    screen_model: saved -> screen_model

[state] nrem → wake (fatigue=0.00 hour=16.09999999999865)

[state] wake → drowsy (fatigue=0.01 hour=16.29999999999865)

[state] drowsy → nrem (fatigue=0.02 hour=16.49999999999865)

[nrem] bout starts (cycle 1)
  consolidator: 11 candidate(s), 7 cluster(s), 0 eligible
    forward_model: only 3 triples (< 40); skipping
  screen_model[mlx]: trained on 143 pairs (2x256), val=0.00114
    screen_model: saved -> screen_model

[state] nrem → wake (fatigue=0.00 hour=17.699999999998646)

[state] wake → drowsy (fatigue=0.01 hour=17.899999999998645)

[state] drowsy → nrem (fatigue=0.02 hour=18.099999999998644)

[nrem] bout starts (cycle 1)
  consolidator: 11 candidate(s), 7 cluster(s), 0 eligible
    forward_model: only 3 triples (< 40); skipping
  screen_model[mlx]: trained on 143 pairs (2x256), val=0.00114
    screen_model: saved -> screen_model

[state] nrem → wake (fatigue=0.00 hour=19.29999999999864)

[state] wake → drowsy (fatigue=0.01 hour=19.49999999999864)

[state] drowsy → nrem (fatigue=0.02 hour=19.69999999999864)

[nrem] bout starts (cycle 1)
  consolidator: 11 candidate(s), 7 cluster(s), 0 eligible
    forward_model: only 3 triples (< 40); skipping
  screen_model[mlx]: trained on 143 pairs (2x256), val=0.00114
    screen_model: saved -> screen_model

[state] nrem → wake (fatigue=0.00 hour=20.899999999998634)

[state] wake → drowsy (fatigue=0.01 hour=21.099999999998634)

[state] drowsy → nrem (fatigue=0.02 hour=21.299999999998633)

[nrem] bout starts (cycle 1)
  consolidator: 11 candidate(s), 7 cluster(s), 0 eligible
    forward_model: only 3 triples (< 40); skipping
  screen_model[mlx]: trained on 143 pairs (2x256), val=0.00114
    screen_model: saved -> screen_model

[state] nrem → wake (fatigue=0.00 hour=22.49999999999863)

[state] wake → drowsy (fatigue=0.01 hour=22.699999999998628)

[state] drowsy → nrem (fatigue=0.02 hour=22.899999999998627)

[nrem] bout starts (cycle 1)
  consolidator: 11 candidate(s), 7 cluster(s), 0 eligible
    forward_model: only 3 triples (< 40); skipping
  screen_model[mlx]: trained on 143 pairs (2x256), val=0.00114
    screen_model: saved -> screen_model

[state] nrem → wake (fatigue=0.00 hour=0.09999999999862297)

[state] wake → drowsy (fatigue=0.01 hour=0.299999999998623)

[state] drowsy → nrem (fatigue=0.02 hour=0.499999999998623)

[nrem] bout starts (cycle 1)
  consolidator: 11 candidate(s), 7 cluster(s), 0 eligible
    forward_model: only 3 triples (< 40); skipping
  screen_model[mlx]: trained on 143 pairs (2x256), val=0.00114
    screen_model: saved -> screen_model

[state] nrem → wake (fatigue=0.00 hour=1.6999999999986228)

[state] wake → drowsy (fatigue=0.01 hour=1.8999999999986228)

[state] drowsy → nrem (fatigue=0.02 hour=2.099999999998623)

[nrem] bout starts (cycle 1)
  consolidator: 11 candidate(s), 7 cluster(s), 0 eligible
    forward_model: only 3 triples (< 40); skipping
  screen_model[mlx]: trained on 143 pairs (2x256), val=0.00114
    screen_model: saved -> screen_model

[state] nrem → wake (fatigue=0.00 hour=3.299999999998624)

[state] wake → drowsy (fatigue=0.01 hour=3.499999999998624)

[state] drowsy → nrem (fatigue=0.02 hour=3.6999999999986244)

[nrem] bout starts (cycle 1)
  consolidator: 11 candidate(s), 7 cluster(s), 0 eligible
    forward_model: only 3 triples (< 40); skipping
  screen_model[mlx]: trained on 143 pairs (2x256), val=0.00114
    screen_model: saved -> screen_model

[state] nrem → wake (fatigue=0.00 hour=4.8999999999986255)

[state] wake → drowsy (fatigue=0.01 hour=5.099999999998626)

[state] drowsy → nrem (fatigue=0.02 hour=5.299999999998626)

[nrem] bout starts (cycle 1)
  consolidator: 11 candidate(s), 7 cluster(s), 0 eligible
    forward_model: only 3 triples (< 40); skipping
  screen_model[mlx]: trained on 143 pairs (2x256), val=0.00114
    screen_model: saved -> screen_model

[state] nrem → wake (fatigue=0.00 hour=6.499999999998627)

[state] wake → drowsy (fatigue=0.01 hour=6.699999999998627)

[state] drowsy → nrem (fatigue=0.02 hour=6.899999999998627)

[nrem] bout starts (cycle 1)
  consolidator: 11 candidate(s), 7 cluster(s), 0 eligible
    forward_model: only 3 triples (< 40); skipping
  screen_model[mlx]: trained on 143 pairs (2x256), val=0.00114
    screen_model: saved -> screen_model

[state] nrem → wake (fatigue=0.00 hour=8.099999999998628)

[state] wake → drowsy (fatigue=0.01 hour=8.299999999998628)

[state] drowsy → nrem (fatigue=0.02 hour=8.499999999998627)

[nrem] bout starts (cycle 1)
  consolidator: 11 candidate(s), 7 cluster(s), 0 eligible
    forward_model: only 3 triples (< 40); skipping
  screen_model[mlx]: trained on 143 pairs (2x256), val=0.00114
    screen_model: saved -> screen_model

[state] nrem → wake (fatigue=0.00 hour=9.699999999998623)

[state] wake → drowsy (fatigue=0.01 hour=9.899999999998622)

[state] drowsy → nrem (fatigue=0.02 hour=10.099999999998621)

[nrem] bout starts (cycle 1)
  consolidator: 11 candidate(s), 7 cluster(s), 0 eligible
    forward_model: only 3 triples (< 40); skipping
  screen_model[mlx]: trained on 143 pairs (2x256), val=0.00114
    screen_model: saved -> screen_model

[state] nrem → wake (fatigue=0.00 hour=11.299999999998617)

[state] wake → drowsy (fatigue=0.01 hour=11.499999999998616)

[state] drowsy → nrem (fatigue=0.02 hour=11.699999999998616)

[nrem] bout starts (cycle 1)
  consolidator: 11 candidate(s), 7 cluster(s), 0 eligible
    forward_model: only 3 triples (< 40); skipping
  screen_model[mlx]: trained on 143 pairs (2x256), val=0.00114
    screen_model: saved -> screen_model

[state] nrem → wake (fatigue=0.00 hour=12.899999999998611)

[state] wake → drowsy (fatigue=0.01 hour=13.09999999999861)

[state] drowsy → nrem (fatigue=0.02 hour=13.29999999999861)

[nrem] bout starts (cycle 1)
  consolidator: 11 candidate(s), 7 cluster(s), 0 eligible
    forward_model: only 3 triples (< 40); skipping
  screen_model[mlx]: trained on 143 pairs (2x256), val=0.00114
    screen_model: saved -> screen_model

[state] nrem → wake (fatigue=0.00 hour=14.499999999998606)

[state] wake → drowsy (fatigue=0.01 hour=14.699999999998605)

[state] drowsy → nrem (fatigue=0.02 hour=14.899999999998604)

[nrem] bout starts (cycle 1)
  consolidator: 11 candidate(s), 7 cluster(s), 0 eligible
    forward_model: only 3 triples (< 40); skipping
  screen_model[mlx]: trained on 143 pairs (2x256), val=0.00114
    screen_model: saved -> screen_model

[state] nrem → wake (fatigue=0.00 hour=16.0999999999986)

[state] wake → drowsy (fatigue=0.01 hour=16.2999999999986)

[state] drowsy → nrem (fatigue=0.02 hour=16.4999999999986)

[nrem] bout starts (cycle 1)
  consolidator: 11 candidate(s), 7 cluster(s), 0 eligible
    forward_model: only 3 triples (< 40); skipping
  screen_model[mlx]: trained on 143 pairs (2x256), val=0.00114
    screen_model: saved -> screen_model

[state] nrem → wake (fatigue=0.00 hour=17.699999999998596)

[state] wake → drowsy (fatigue=0.01 hour=17.899999999998595)

[state] drowsy → nrem (fatigue=0.02 hour=18.099999999998595)

[nrem] bout starts (cycle 1)
  consolidator: 11 candidate(s), 7 cluster(s), 0 eligible
    forward_model: only 3 triples (< 40); skipping
  screen_model[mlx]: trained on 143 pairs (2x256), val=0.00114
    screen_model: saved -> screen_model

[state] nrem → wake (fatigue=0.00 hour=19.29999999999859)

[state] wake → drowsy (fatigue=0.01 hour=19.49999999999859)

[state] drowsy → nrem (fatigue=0.02 hour=19.69999999999859)

[nrem] bout starts (cycle 1)
  consolidator: 11 candidate(s), 7 cluster(s), 0 eligible
    forward_model: only 3 triples (< 40); skipping
  screen_model[mlx]: trained on 143 pairs (2x256), val=0.00114
    screen_model: saved -> screen_model

[state] nrem → wake (fatigue=0.00 hour=20.899999999998585)

[state] wake → drowsy (fatigue=0.01 hour=21.099999999998584)

[state] drowsy → nrem (fatigue=0.02 hour=21.299999999998583)

[nrem] bout starts (cycle 1)
  consolidator: 11 candidate(s), 7 cluster(s), 0 eligible
    forward_model: only 3 triples (< 40); skipping
  screen_model[mlx]: trained on 143 pairs (2x256), val=0.00114
    screen_model: saved -> screen_model

[state] nrem → wake (fatigue=0.00 hour=22.49999999999858)

[state] wake → drowsy (fatigue=0.01 hour=22.699999999998578)

[state] drowsy → nrem (fatigue=0.02 hour=22.899999999998577)

[nrem] bout starts (cycle 1)
  consolidator: 11 candidate(s), 7 cluster(s), 0 eligible
    forward_model: only 3 triples (< 40); skipping
  screen_model[mlx]: trained on 143 pairs (2x256), val=0.00114
    screen_model: saved -> screen_model

[state] nrem → wake (fatigue=0.00 hour=0.09999999999857323)

[state] wake → drowsy (fatigue=0.01 hour=0.29999999999857324)

[state] drowsy → nrem (fatigue=0.02 hour=0.49999999999857325)

[nrem] bout starts (cycle 1)
  consolidator: 11 candidate(s), 7 cluster(s), 0 eligible
    forward_model: only 3 triples (< 40); skipping
  screen_model[mlx]: trained on 143 pairs (2x256), val=0.00114
    screen_model: saved -> screen_model

[state] nrem → wake (fatigue=0.00 hour=1.699999999998573)

[state] wake → drowsy (fatigue=0.01 hour=1.899999999998573)

[state] drowsy → nrem (fatigue=0.02 hour=2.0999999999985732)

[nrem] bout starts (cycle 1)
  consolidator: 11 candidate(s), 7 cluster(s), 0 eligible
    forward_model: only 3 triples (< 40); skipping
  screen_model[mlx]: trained on 143 pairs (2x256), val=0.00114
    screen_model: saved -> screen_model

[state] nrem → wake (fatigue=0.00 hour=3.2999999999985743)

[state] wake → drowsy (fatigue=0.01 hour=3.4999999999985745)

[state] drowsy → nrem (fatigue=0.02 hour=3.6999999999985747)

[nrem] bout starts (cycle 1)
  consolidator: 11 candidate(s), 7 cluster(s), 0 eligible
    forward_model: only 3 triples (< 40); skipping
  screen_model[mlx]: trained on 143 pairs (2x256), val=0.00114
    screen_model: saved -> screen_model

[state] nrem → wake (fatigue=0.00 hour=4.899999999998576)

[state] wake → drowsy (fatigue=0.01 hour=5.099999999998576)

[state] drowsy → nrem (fatigue=0.02 hour=5.299999999998576)

[nrem] bout starts (cycle 1)
  consolidator: 11 candidate(s), 7 cluster(s), 0 eligible
    forward_model: only 3 triples (< 40); skipping
  screen_model[mlx]: trained on 143 pairs (2x256), val=0.00114
    screen_model: saved -> screen_model

[state] nrem → wake (fatigue=0.00 hour=6.499999999998577)

[state] wake → drowsy (fatigue=0.01 hour=6.699999999998577)

[state] drowsy → nrem (fatigue=0.02 hour=6.8999999999985775)

[nrem] bout starts (cycle 1)
  consolidator: 11 candidate(s), 7 cluster(s), 0 eligible
    forward_model: only 3 triples (< 40); skipping
  screen_model[mlx]: trained on 143 pairs (2x256), val=0.00114
    screen_model: saved -> screen_model

[state] nrem → wake (fatigue=0.00 hour=8.099999999998579)

[state] wake → drowsy (fatigue=0.01 hour=8.299999999998578)

[state] drowsy → nrem (fatigue=0.02 hour=8.499999999998577)

[nrem] bout starts (cycle 1)
  consolidator: 11 candidate(s), 7 cluster(s), 0 eligible
    forward_model: only 3 triples (< 40); skipping
  screen_model[mlx]: trained on 143 pairs (2x256), val=0.00114
    screen_model: saved -> screen_model

[state] nrem → wake (fatigue=0.00 hour=9.699999999998573)

[state] wake → drowsy (fatigue=0.01 hour=9.899999999998572)

[state] drowsy → nrem (fatigue=0.02 hour=10.099999999998571)

[nrem] bout starts (cycle 1)
  consolidator: 11 candidate(s), 7 cluster(s), 0 eligible
    forward_model: only 3 triples (< 40); skipping
  screen_model[mlx]: trained on 143 pairs (2x256), val=0.00114
    screen_model: saved -> screen_model

[state] nrem → wake (fatigue=0.00 hour=11.299999999998567)

[state] wake → drowsy (fatigue=0.01 hour=11.499999999998566)

[state] drowsy → nrem (fatigue=0.02 hour=11.699999999998566)

[nrem] bout starts (cycle 1)
  consolidator: 11 candidate(s), 7 cluster(s), 0 eligible
    forward_model: only 3 triples (< 40); skipping
  screen_model[mlx]: trained on 143 pairs (2x256), val=0.00114
    screen_model: saved -> screen_model

[state] nrem → wake (fatigue=0.00 hour=12.899999999998562)

[state] wake → drowsy (fatigue=0.01 hour=13.09999999999856)

[state] drowsy → nrem (fatigue=0.02 hour=13.29999999999856)

[nrem] bout starts (cycle 1)
  consolidator: 11 candidate(s), 7 cluster(s), 0 eligible
    forward_model: only 3 triples (< 40); skipping
  screen_model[mlx]: trained on 143 pairs (2x256), val=0.00114
    screen_model: saved -> screen_model

[state] nrem → wake (fatigue=0.00 hour=14.499999999998556)

[state] wake → drowsy (fatigue=0.01 hour=14.699999999998555)

[state] drowsy → nrem (fatigue=0.02 hour=14.899999999998554)

[nrem] bout starts (cycle 1)
  consolidator: 11 candidate(s), 7 cluster(s), 0 eligible
    forward_model: only 3 triples (< 40); skipping
  screen_model[mlx]: trained on 143 pairs (2x256), val=0.00114
    screen_model: saved -> screen_model

[state] nrem → wake (fatigue=0.00 hour=16.099999999998552)

[state] wake → drowsy (fatigue=0.01 hour=16.29999999999855)

[state] drowsy → nrem (fatigue=0.02 hour=16.49999999999855)

[nrem] bout starts (cycle 1)
  consolidator: 11 candidate(s), 7 cluster(s), 0 eligible
    forward_model: only 3 triples (< 40); skipping
  screen_model[mlx]: trained on 143 pairs (2x256), val=0.00114
    screen_model: saved -> screen_model

[state] nrem → wake (fatigue=0.00 hour=17.699999999998546)

[state] wake → drowsy (fatigue=0.01 hour=17.899999999998546)

[state] drowsy → nrem (fatigue=0.02 hour=18.099999999998545)

[nrem] bout starts (cycle 1)
  consolidator: 11 candidate(s), 7 cluster(s), 0 eligible
    forward_model: only 3 triples (< 40); skipping
  screen_model[mlx]: trained on 143 pairs (2x256), val=0.00114
    screen_model: saved -> screen_model

[state] nrem → wake (fatigue=0.00 hour=19.29999999999854)

[state] wake → drowsy (fatigue=0.01 hour=19.49999999999854)

[state] drowsy → nrem (fatigue=0.02 hour=19.69999999999854)

[nrem] bout starts (cycle 1)
  consolidator: 11 candidate(s), 7 cluster(s), 0 eligible
    forward_model: only 3 triples (< 40); skipping
  screen_model[mlx]: trained on 143 pairs (2x256), val=0.00114
    screen_model: saved -> screen_model

[state] nrem → wake (fatigue=0.00 hour=20.899999999998535)

[state] wake → drowsy (fatigue=0.01 hour=21.099999999998534)

[state] drowsy → nrem (fatigue=0.02 hour=21.299999999998533)

[nrem] bout starts (cycle 1)
  consolidator: 11 candidate(s), 7 cluster(s), 0 eligible
    forward_model: only 3 triples (< 40); skipping
  screen_model[mlx]: trained on 143 pairs (2x256), val=0.00114
    screen_model: saved -> screen_model

[state] nrem → wake (fatigue=0.00 hour=22.49999999999853)

[state] wake → drowsy (fatigue=0.01 hour=22.69999999999853)

[state] drowsy → nrem (fatigue=0.02 hour=22.899999999998528)

[nrem] bout starts (cycle 1)
  consolidator: 11 candidate(s), 7 cluster(s), 0 eligible
    forward_model: only 3 triples (< 40); skipping
  screen_model[mlx]: trained on 143 pairs (2x256), val=0.00114
    screen_model: saved -> screen_model

[state] nrem → wake (fatigue=0.00 hour=0.09999999999852349)

[state] wake → drowsy (fatigue=0.01 hour=0.2999999999985235)

[state] drowsy → nrem (fatigue=0.02 hour=0.4999999999985235)

[nrem] bout starts (cycle 1)
  consolidator: 11 candidate(s), 7 cluster(s), 0 eligible
    forward_model: only 3 triples (< 40); skipping
  screen_model[mlx]: trained on 143 pairs (2x256), val=0.00114
    screen_model: saved -> screen_model

[state] nrem → wake (fatigue=0.00 hour=1.6999999999985234)

[state] wake → drowsy (fatigue=0.01 hour=1.8999999999985233)

[state] drowsy → nrem (fatigue=0.02 hour=2.0999999999985235)

[nrem] bout starts (cycle 1)
  consolidator: 11 candidate(s), 7 cluster(s), 0 eligible
    forward_model: only 3 triples (< 40); skipping
  screen_model[mlx]: trained on 143 pairs (2x256), val=0.00114
    screen_model: saved -> screen_model

[state] nrem → wake (fatigue=0.00 hour=3.2999999999985246)

[state] wake → drowsy (fatigue=0.01 hour=3.4999999999985247)

[state] drowsy → nrem (fatigue=0.02 hour=3.699999999998525)

[nrem] bout starts (cycle 1)
  consolidator: 11 candidate(s), 7 cluster(s), 0 eligible
    forward_model: only 3 triples (< 40); skipping
  screen_model[mlx]: trained on 143 pairs (2x256), val=0.00114
    screen_model: saved -> screen_model

[state] nrem → wake (fatigue=0.00 hour=4.899999999998526)

[state] wake → drowsy (fatigue=0.01 hour=5.099999999998526)

[state] drowsy → nrem (fatigue=0.02 hour=5.299999999998526)

[nrem] bout starts (cycle 1)
  consolidator: 11 candidate(s), 7 cluster(s), 0 eligible
    forward_model: only 3 triples (< 40); skipping
  screen_model[mlx]: trained on 143 pairs (2x256), val=0.00114
    screen_model: saved -> screen_model

[state] nrem → wake (fatigue=0.00 hour=6.499999999998527)

[state] wake → drowsy (fatigue=0.01 hour=6.699999999998528)

[state] drowsy → nrem (fatigue=0.02 hour=6.899999999998528)

[nrem] bout starts (cycle 1)
  consolidator: 11 candidate(s), 7 cluster(s), 0 eligible
    forward_model: only 3 triples (< 40); skipping
  screen_model[mlx]: trained on 143 pairs (2x256), val=0.00114
    screen_model: saved -> screen_model

[state] nrem → wake (fatigue=0.00 hour=8.099999999998529)

[state] wake → drowsy (fatigue=0.01 hour=8.299999999998528)

[state] drowsy → nrem (fatigue=0.02 hour=8.499999999998527)

[nrem] bout starts (cycle 1)
  consolidator: 11 candidate(s), 7 cluster(s), 0 eligible
    forward_model: only 3 triples (< 40); skipping
  screen_model[mlx]: trained on 143 pairs (2x256), val=0.00114
    screen_model: saved -> screen_model

[state] nrem → wake (fatigue=0.00 hour=9.699999999998523)

[state] wake → drowsy (fatigue=0.01 hour=9.899999999998522)

[state] drowsy → nrem (fatigue=0.02 hour=10.099999999998522)

[nrem] bout starts (cycle 1)
  consolidator: 11 candidate(s), 7 cluster(s), 0 eligible
    forward_model: only 3 triples (< 40); skipping
  screen_model[mlx]: trained on 143 pairs (2x256), val=0.00114
    screen_model: saved -> screen_model

[state] nrem → wake (fatigue=0.00 hour=11.299999999998517)

[state] wake → drowsy (fatigue=0.01 hour=11.499999999998517)

[state] drowsy → nrem (fatigue=0.02 hour=11.699999999998516)

[nrem] bout starts (cycle 1)
  consolidator: 11 candidate(s), 7 cluster(s), 0 eligible
    forward_model: only 3 triples (< 40); skipping
  screen_model[mlx]: trained on 143 pairs (2x256), val=0.00114
    screen_model: saved -> screen_model

[state] nrem → wake (fatigue=0.00 hour=12.899999999998512)

[state] wake → drowsy (fatigue=0.01 hour=13.099999999998511)

[state] drowsy → nrem (fatigue=0.02 hour=13.29999999999851)

[nrem] bout starts (cycle 1)
  consolidator: 11 candidate(s), 7 cluster(s), 0 eligible
    forward_model: only 3 triples (< 40); skipping
  screen_model[mlx]: trained on 143 pairs (2x256), val=0.00114
    screen_model: saved -> screen_model

[state] nrem → wake (fatigue=0.00 hour=14.499999999998506)

[state] wake → drowsy (fatigue=0.01 hour=14.699999999998505)

[state] drowsy → nrem (fatigue=0.02 hour=14.899999999998505)

[nrem] bout starts (cycle 1)
  consolidator: 11 candidate(s), 7 cluster(s), 0 eligible
    forward_model: only 3 triples (< 40); skipping
  screen_model[mlx]: trained on 143 pairs (2x256), val=0.00114
    screen_model: saved -> screen_model

[state] nrem → wake (fatigue=0.00 hour=16.099999999998502)

[state] wake → drowsy (fatigue=0.01 hour=16.2999999999985)

[state] drowsy → nrem (fatigue=0.02 hour=16.4999999999985)

[nrem] bout starts (cycle 1)
  consolidator: 11 candidate(s), 7 cluster(s), 0 eligible
    forward_model: only 3 triples (< 40); skipping
  screen_model[mlx]: trained on 143 pairs (2x256), val=0.00114
    screen_model: saved -> screen_model

[state] nrem → wake (fatigue=0.00 hour=17.699999999998496)

[state] wake → drowsy (fatigue=0.01 hour=17.899999999998496)

[state] drowsy → nrem (fatigue=0.02 hour=18.099999999998495)

[nrem] bout starts (cycle 1)
  consolidator: 11 candidate(s), 7 cluster(s), 0 eligible
    forward_model: only 3 triples (< 40); skipping
  screen_model[mlx]: trained on 143 pairs (2x256), val=0.00114
    screen_model: saved -> screen_model

[state] nrem → wake (fatigue=0.00 hour=19.29999999999849)

[state] wake → drowsy (fatigue=0.01 hour=19.49999999999849)

[state] drowsy → nrem (fatigue=0.02 hour=19.69999999999849)

[nrem] bout starts (cycle 1)
  consolidator: 11 candidate(s), 7 cluster(s), 0 eligible
    forward_model: only 3 triples (< 40); skipping
  screen_model[mlx]: trained on 143 pairs (2x256), val=0.00114
    screen_model: saved -> screen_model

[state] nrem → wake (fatigue=0.00 hour=20.899999999998485)

[state] wake → drowsy (fatigue=0.01 hour=21.099999999998484)

[state] drowsy → nrem (fatigue=0.02 hour=21.299999999998484)

[nrem] bout starts (cycle 1)
  consolidator: 11 candidate(s), 7 cluster(s), 0 eligible
    forward_model: only 3 triples (< 40); skipping
  screen_model[mlx]: trained on 143 pairs (2x256), val=0.00114
    screen_model: saved -> screen_model

[state] nrem → wake (fatigue=0.00 hour=22.49999999999848)

[state] wake → drowsy (fatigue=0.01 hour=22.69999999999848)

[state] drowsy → nrem (fatigue=0.02 hour=22.899999999998478)

[nrem] bout starts (cycle 1)
  consolidator: 11 candidate(s), 7 cluster(s), 0 eligible
    forward_model: only 3 triples (< 40); skipping
  screen_model[mlx]: trained on 143 pairs (2x256), val=0.00114
    screen_model: saved -> screen_model

[state] nrem → wake (fatigue=0.00 hour=0.09999999999847375)

[state] wake → drowsy (fatigue=0.01 hour=0.29999999999847377)

[state] drowsy → nrem (fatigue=0.02 hour=0.4999999999984738)

[nrem] bout starts (cycle 1)
  consolidator: 11 candidate(s), 7 cluster(s), 0 eligible
    forward_model: only 3 triples (< 40); skipping
  screen_model[mlx]: trained on 143 pairs (2x256), val=0.00114
    screen_model: saved -> screen_model

[state] nrem → wake (fatigue=0.00 hour=1.6999999999984736)

[state] wake → drowsy (fatigue=0.01 hour=1.8999999999984736)

[state] drowsy → nrem (fatigue=0.02 hour=2.0999999999984738)

[nrem] bout starts (cycle 1)
  consolidator: 11 candidate(s), 7 cluster(s), 0 eligible
    forward_model: only 3 triples (< 40); skipping
  screen_model[mlx]: trained on 143 pairs (2x256), val=0.00114
    screen_model: saved -> screen_model

[state] nrem → wake (fatigue=0.00 hour=3.299999999998475)

[state] wake → drowsy (fatigue=0.01 hour=3.499999999998475)

[state] drowsy → nrem (fatigue=0.02 hour=3.699999999998475)

[nrem] bout starts (cycle 1)
  consolidator: 11 candidate(s), 7 cluster(s), 0 eligible
    forward_model: only 3 triples (< 40); skipping
  screen_model[mlx]: trained on 143 pairs (2x256), val=0.00114
    screen_model: saved -> screen_model

[state] nrem → wake (fatigue=0.00 hour=4.899999999998476)

[state] wake → drowsy (fatigue=0.01 hour=5.099999999998476)

[state] drowsy → nrem (fatigue=0.02 hour=5.299999999998477)

[nrem] bout starts (cycle 1)
  consolidator: 11 candidate(s), 7 cluster(s), 0 eligible
    forward_model: only 3 triples (< 40); skipping
  screen_model[mlx]: trained on 143 pairs (2x256), val=0.00114
    screen_model: saved -> screen_model

[state] nrem → wake (fatigue=0.00 hour=6.499999999998478)

[state] wake → drowsy (fatigue=0.01 hour=6.699999999998478)

[state] drowsy → nrem (fatigue=0.02 hour=6.899999999998478)

[nrem] bout starts (cycle 1)
  consolidator: 11 candidate(s), 7 cluster(s), 0 eligible
    forward_model: only 3 triples (< 40); skipping
  screen_model[mlx]: trained on 143 pairs (2x256), val=0.00114
    screen_model: saved -> screen_model

[state] nrem → wake (fatigue=0.00 hour=8.099999999998479)

[state] wake → drowsy (fatigue=0.01 hour=8.299999999998478)

[state] drowsy → nrem (fatigue=0.02 hour=8.499999999998478)

[nrem] bout starts (cycle 1)
  consolidator: 11 candidate(s), 7 cluster(s), 0 eligible
    forward_model: only 3 triples (< 40); skipping
  screen_model[mlx]: trained on 143 pairs (2x256), val=0.00114
    screen_model: saved -> screen_model

[state] nrem → wake (fatigue=0.00 hour=9.699999999998473)

[state] wake → drowsy (fatigue=0.01 hour=9.899999999998473)

[state] drowsy → nrem (fatigue=0.02 hour=10.099999999998472)

[nrem] bout starts (cycle 1)
  consolidator: 11 candidate(s), 7 cluster(s), 0 eligible
    forward_model: only 3 triples (< 40); skipping
  screen_model[mlx]: trained on 143 pairs (2x256), val=0.00114
    screen_model: saved -> screen_model

[state] nrem → wake (fatigue=0.00 hour=11.299999999998468)

[state] wake → drowsy (fatigue=0.01 hour=11.499999999998467)

[state] drowsy → nrem (fatigue=0.02 hour=11.699999999998466)

[nrem] bout starts (cycle 1)
  consolidator: 11 candidate(s), 7 cluster(s), 0 eligible
    forward_model: only 3 triples (< 40); skipping
  screen_model[mlx]: trained on 143 pairs (2x256), val=0.00114
    screen_model: saved -> screen_model

[state] nrem → wake (fatigue=0.00 hour=12.899999999998462)

[state] wake → drowsy (fatigue=0.01 hour=13.099999999998461)

[state] drowsy → nrem (fatigue=0.02 hour=13.29999999999846)

[nrem] bout starts (cycle 1)
  consolidator: 11 candidate(s), 7 cluster(s), 0 eligible
    forward_model: only 3 triples (< 40); skipping
  screen_model[mlx]: trained on 143 pairs (2x256), val=0.00114
    screen_model: saved -> screen_model

[state] nrem → wake (fatigue=0.00 hour=14.499999999998456)

[state] wake → drowsy (fatigue=0.01 hour=14.699999999998456)

[state] drowsy → nrem (fatigue=0.02 hour=14.899999999998455)

[nrem] bout starts (cycle 1)
  consolidator: 11 candidate(s), 7 cluster(s), 0 eligible
    forward_model: only 3 triples (< 40); skipping
  screen_model[mlx]: trained on 143 pairs (2x256), val=0.00114
    screen_model: saved -> screen_model

[state] nrem → wake (fatigue=0.00 hour=16.099999999998452)

[state] wake → drowsy (fatigue=0.01 hour=16.29999999999845)

[state] drowsy → nrem (fatigue=0.02 hour=16.49999999999845)

[nrem] bout starts (cycle 1)
  consolidator: 11 candidate(s), 7 cluster(s), 0 eligible
    forward_model: only 3 triples (< 40); skipping
  screen_model[mlx]: trained on 143 pairs (2x256), val=0.00114
    screen_model: saved -> screen_model

[state] nrem → wake (fatigue=0.00 hour=17.699999999998447)

[state] wake → drowsy (fatigue=0.01 hour=17.899999999998446)

[state] drowsy → nrem (fatigue=0.02 hour=18.099999999998445)

[nrem] bout starts (cycle 1)
  consolidator: 11 candidate(s), 7 cluster(s), 0 eligible
    forward_model: only 3 triples (< 40); skipping
  screen_model[mlx]: trained on 143 pairs (2x256), val=0.00114
    screen_model: saved -> screen_model

[state] nrem → wake (fatigue=0.00 hour=19.29999999999844)

[state] wake → drowsy (fatigue=0.01 hour=19.49999999999844)

[state] drowsy → nrem (fatigue=0.02 hour=19.69999999999844)

[nrem] bout starts (cycle 1)
  consolidator: 11 candidate(s), 7 cluster(s), 0 eligible
    forward_model: only 3 triples (< 40); skipping
  screen_model[mlx]: trained on 143 pairs (2x256), val=0.00114
    screen_model: saved -> screen_model

[state] nrem → wake (fatigue=0.00 hour=20.899999999998435)

[state] wake → drowsy (fatigue=0.01 hour=21.099999999998435)

[state] drowsy → nrem (fatigue=0.02 hour=21.299999999998434)

[nrem] bout starts (cycle 1)
  consolidator: 11 candidate(s), 7 cluster(s), 0 eligible
    forward_model: only 3 triples (< 40); skipping
  screen_model[mlx]: trained on 143 pairs (2x256), val=0.00114
    screen_model: saved -> screen_model

[state] nrem → wake (fatigue=0.00 hour=22.49999999999843)

[state] wake → drowsy (fatigue=0.01 hour=22.69999999999843)

[state] drowsy → nrem (fatigue=0.02 hour=22.89999999999843)

[nrem] bout starts (cycle 1)
  consolidator: 11 candidate(s), 7 cluster(s), 0 eligible
    forward_model: only 3 triples (< 40); skipping
  screen_model[mlx]: trained on 143 pairs (2x256), val=0.00114
    screen_model: saved -> screen_model

[state] nrem → wake (fatigue=0.00 hour=0.09999999999842402)

[state] wake → drowsy (fatigue=0.01 hour=0.299999999998424)

[state] drowsy → nrem (fatigue=0.02 hour=0.49999999999842404)

[nrem] bout starts (cycle 1)
  consolidator: 11 candidate(s), 7 cluster(s), 0 eligible
    forward_model: only 3 triples (< 40); skipping
  screen_model[mlx]: trained on 143 pairs (2x256), val=0.00114
    screen_model: saved -> screen_model

[state] nrem → wake (fatigue=0.00 hour=1.6999999999984239)

[state] wake → drowsy (fatigue=0.01 hour=1.8999999999984238)

[state] drowsy → nrem (fatigue=0.02 hour=2.099999999998424)

[nrem] bout starts (cycle 1)
  consolidator: 11 candidate(s), 7 cluster(s), 0 eligible
    forward_model: only 3 triples (< 40); skipping
  screen_model[mlx]: trained on 143 pairs (2x256), val=0.00114
    screen_model: saved -> screen_model

[state] nrem → wake (fatigue=0.00 hour=3.299999999998425)

[state] wake → drowsy (fatigue=0.01 hour=3.4999999999984253)

[state] drowsy → nrem (fatigue=0.02 hour=3.6999999999984254)

[nrem] bout starts (cycle 1)
  consolidator: 11 candidate(s), 7 cluster(s), 0 eligible
    forward_model: only 3 triples (< 40); skipping
  screen_model[mlx]: trained on 143 pairs (2x256), val=0.00114
    screen_model: saved -> screen_model

[state] nrem → wake (fatigue=0.00 hour=4.8999999999984265)

[state] wake → drowsy (fatigue=0.01 hour=5.099999999998427)

[state] drowsy → nrem (fatigue=0.02 hour=5.299999999998427)

[nrem] bout starts (cycle 1)
  consolidator: 11 candidate(s), 7 cluster(s), 0 eligible
    forward_model: only 3 triples (< 40); skipping
  screen_model[mlx]: trained on 143 pairs (2x256), val=0.00114
    screen_model: saved -> screen_model

[state] nrem → wake (fatigue=0.00 hour=6.499999999998428)

[state] wake → drowsy (fatigue=0.01 hour=6.699999999998428)

[state] drowsy → nrem (fatigue=0.02 hour=6.899999999998428)

[nrem] bout starts (cycle 1)
  consolidator: 11 candidate(s), 7 cluster(s), 0 eligible
    forward_model: only 3 triples (< 40); skipping
  screen_model[mlx]: trained on 143 pairs (2x256), val=0.00114
    screen_model: saved -> screen_model

[state] nrem → wake (fatigue=0.00 hour=8.09999999999843)

[state] wake → drowsy (fatigue=0.01 hour=8.299999999998429)

[state] drowsy → nrem (fatigue=0.02 hour=8.499999999998428)

[nrem] bout starts (cycle 1)
  consolidator: 11 candidate(s), 7 cluster(s), 0 eligible
    forward_model: only 3 triples (< 40); skipping
  screen_model[mlx]: trained on 143 pairs (2x256), val=0.00114
    screen_model: saved -> screen_model

[state] nrem → wake (fatigue=0.00 hour=9.699999999998424)

[state] wake → drowsy (fatigue=0.01 hour=9.899999999998423)

[state] drowsy → nrem (fatigue=0.02 hour=10.099999999998422)

[nrem] bout starts (cycle 1)
  consolidator: 11 candidate(s), 7 cluster(s), 0 eligible
    forward_model: only 3 triples (< 40); skipping
  screen_model[mlx]: trained on 143 pairs (2x256), val=0.00114
    screen_model: saved -> screen_model

[state] nrem → wake (fatigue=0.00 hour=11.299999999998418)

[state] wake → drowsy (fatigue=0.01 hour=11.499999999998417)

[state] drowsy → nrem (fatigue=0.02 hour=11.699999999998417)

[nrem] bout starts (cycle 1)
  consolidator: 11 candidate(s), 7 cluster(s), 0 eligible
    forward_model: only 3 triples (< 40); skipping
  screen_model[mlx]: trained on 143 pairs (2x256), val=0.00114
    screen_model: saved -> screen_model

[state] nrem → wake (fatigue=0.00 hour=12.899999999998412)

[state] wake → drowsy (fatigue=0.01 hour=13.099999999998412)

[state] drowsy → nrem (fatigue=0.02 hour=13.29999999999841)

[nrem] bout starts (cycle 1)
  consolidator: 11 candidate(s), 7 cluster(s), 0 eligible
    forward_model: only 3 triples (< 40); skipping
  screen_model[mlx]: trained on 143 pairs (2x256), val=0.00114
    screen_model: saved -> screen_model

[state] nrem → wake (fatigue=0.00 hour=14.499999999998407)

[state] wake → drowsy (fatigue=0.01 hour=14.699999999998406)

[state] drowsy → nrem (fatigue=0.02 hour=14.899999999998405)

[nrem] bout starts (cycle 1)
  consolidator: 11 candidate(s), 7 cluster(s), 0 eligible
    forward_model: only 3 triples (< 40); skipping
  screen_model[mlx]: trained on 143 pairs (2x256), val=0.00114
    screen_model: saved -> screen_model

[state] nrem → wake (fatigue=0.00 hour=16.099999999998403)

[state] wake → drowsy (fatigue=0.01 hour=16.299999999998402)

[state] drowsy → nrem (fatigue=0.02 hour=16.4999999999984)

[nrem] bout starts (cycle 1)
  consolidator: 11 candidate(s), 7 cluster(s), 0 eligible
    forward_model: only 3 triples (< 40); skipping
  screen_model[mlx]: trained on 143 pairs (2x256), val=0.00114
    screen_model: saved -> screen_model

[state] nrem → wake (fatigue=0.00 hour=17.699999999998397)

[state] wake → drowsy (fatigue=0.01 hour=17.899999999998396)

[state] drowsy → nrem (fatigue=0.02 hour=18.099999999998396)

[nrem] bout starts (cycle 1)
  consolidator: 11 candidate(s), 7 cluster(s), 0 eligible
    forward_model: only 3 triples (< 40); skipping
  screen_model[mlx]: trained on 143 pairs (2x256), val=0.00114
    screen_model: saved -> screen_model

[state] nrem → wake (fatigue=0.00 hour=19.29999999999839)

[state] wake → drowsy (fatigue=0.01 hour=19.49999999999839)

[state] drowsy → nrem (fatigue=0.02 hour=19.69999999999839)

[nrem] bout starts (cycle 1)
  consolidator: 11 candidate(s), 7 cluster(s), 0 eligible
    forward_model: only 3 triples (< 40); skipping
  screen_model[mlx]: trained on 143 pairs (2x256), val=0.00114
    screen_model: saved -> screen_model

[state] nrem → wake (fatigue=0.00 hour=20.899999999998386)

[state] wake → drowsy (fatigue=0.01 hour=21.099999999998385)

[state] drowsy → nrem (fatigue=0.02 hour=21.299999999998384)

[nrem] bout starts (cycle 1)
  consolidator: 11 candidate(s), 7 cluster(s), 0 eligible
    forward_model: only 3 triples (< 40); skipping
  screen_model[mlx]: trained on 143 pairs (2x256), val=0.00114
    screen_model: saved -> screen_model

[state] nrem → wake (fatigue=0.00 hour=22.49999999999838)

[state] wake → drowsy (fatigue=0.01 hour=22.69999999999838)

[state] drowsy → nrem (fatigue=0.02 hour=22.89999999999838)

[nrem] bout starts (cycle 1)
  consolidator: 11 candidate(s), 7 cluster(s), 0 eligible
    forward_model: only 3 triples (< 40); skipping
  screen_model[mlx]: trained on 143 pairs (2x256), val=0.00114
    screen_model: saved -> screen_model

[state] nrem → wake (fatigue=0.00 hour=0.09999999999837428)

[state] wake → drowsy (fatigue=0.01 hour=0.2999999999983743)

[state] drowsy → nrem (fatigue=0.02 hour=0.4999999999983743)

[nrem] bout starts (cycle 1)
  consolidator: 11 candidate(s), 7 cluster(s), 0 eligible
    forward_model: only 3 triples (< 40); skipping
  screen_model[mlx]: trained on 143 pairs (2x256), val=0.00114
    screen_model: saved -> screen_model

[state] nrem → wake (fatigue=0.00 hour=1.6999999999983741)

[state] wake → drowsy (fatigue=0.01 hour=1.899999999998374)

[state] drowsy → nrem (fatigue=0.02 hour=2.0999999999983743)

[nrem] bout starts (cycle 1)
  consolidator: 11 candidate(s), 7 cluster(s), 0 eligible
    forward_model: only 3 triples (< 40); skipping
  screen_model[mlx]: trained on 143 pairs (2x256), val=0.00114
    screen_model: saved -> screen_model

[state] nrem → wake (fatigue=0.00 hour=3.2999999999983753)

[state] wake → drowsy (fatigue=0.01 hour=3.4999999999983755)

[state] drowsy → nrem (fatigue=0.02 hour=3.6999999999983757)

[nrem] bout starts (cycle 1)
  consolidator: 11 candidate(s), 7 cluster(s), 0 eligible
    forward_model: only 3 triples (< 40); skipping
  screen_model[mlx]: trained on 143 pairs (2x256), val=0.00114
    screen_model: saved -> screen_model

[state] nrem → wake (fatigue=0.00 hour=4.899999999998377)

[state] wake → drowsy (fatigue=0.01 hour=5.099999999998377)

[state] drowsy → nrem (fatigue=0.02 hour=5.299999999998377)

[nrem] bout starts (cycle 1)
  consolidator: 11 candidate(s), 7 cluster(s), 0 eligible
    forward_model: only 3 triples (< 40); skipping
  screen_model[mlx]: trained on 143 pairs (2x256), val=0.00114
    screen_model: saved -> screen_model

[state] nrem → wake (fatigue=0.00 hour=6.499999999998378)

[state] wake → drowsy (fatigue=0.01 hour=6.699999999998378)

[state] drowsy → nrem (fatigue=0.02 hour=6.8999999999983785)

[nrem] bout starts (cycle 1)
  consolidator: 11 candidate(s), 7 cluster(s), 0 eligible
    forward_model: only 3 triples (< 40); skipping
  screen_model[mlx]: trained on 143 pairs (2x256), val=0.00114
    screen_model: saved -> screen_model

[state] nrem → wake (fatigue=0.00 hour=8.09999999999838)

[state] wake → drowsy (fatigue=0.01 hour=8.299999999998379)

[state] drowsy → nrem (fatigue=0.02 hour=8.499999999998378)

[nrem] bout starts (cycle 1)
  consolidator: 11 candidate(s), 7 cluster(s), 0 eligible
    forward_model: only 3 triples (< 40); skipping
  screen_model[mlx]: trained on 143 pairs (2x256), val=0.00114
    screen_model: saved -> screen_model

[state] nrem → wake (fatigue=0.00 hour=9.699999999998374)

[state] wake → drowsy (fatigue=0.01 hour=9.899999999998373)

[state] drowsy → nrem (fatigue=0.02 hour=10.099999999998373)

[nrem] bout starts (cycle 1)
  consolidator: 11 candidate(s), 7 cluster(s), 0 eligible
    forward_model: only 3 triples (< 40); skipping
  screen_model[mlx]: trained on 143 pairs (2x256), val=0.00114
    screen_model: saved -> screen_model

[state] nrem → wake (fatigue=0.00 hour=11.299999999998368)

[state] wake → drowsy (fatigue=0.01 hour=11.499999999998368)

[state] drowsy → nrem (fatigue=0.02 hour=11.699999999998367)

[nrem] bout starts (cycle 1)
  consolidator: 11 candidate(s), 7 cluster(s), 0 eligible
    forward_model: only 3 triples (< 40); skipping
  screen_model[mlx]: trained on 143 pairs (2x256), val=0.00114
    screen_model: saved -> screen_model

[state] nrem → wake (fatigue=0.00 hour=12.099999999998365)
